id_recette,titre,lien,note,nb_avis,img_url,category,Kcal,IG,Proteines,Lipides,Glucides,proportion,temps_prepa,difficulty,prix,eco_score
3,Civet de Sanglier à la bourguignonne,/recettes/recette_civet-de-sanglier-a-la-bourguignonne_34042.aspx,5/5,25 avis,https://assets.afcdn.com/recipe/20170310/46627_w225h225c1cx2736cy1824.jpg,viande,605,6,31,52,4,8 personnes,2h15,facile,moyen,ecoscore d
5,"Magrets de canard aux poires, sauce au cassis",/recettes/recette_magrets-de-canard-aux-poires-sauce-au-cassis_33506.aspx,5/5,16 avis,https://assets.afcdn.com/recipe/20100101/recipe_default_img_placeholder_w225h225c1.jpg,viande,347,79,18,8,52,4 personnes,2 h,très facile,moyen,ecoscore c
2,Terrine de foie gras au Sauternes,/recettes/recette_terrine-de-foie-gras-au-sauternes_33977.aspx,5/5,28 avis,https://assets.afcdn.com/recipe/20161115/3404_w225h225c1cx2725cy2045.jpg,viande,35,0,6,1,0,10 personnes,1h40,facile,assez cher,ecoscore b
1,Blanquette de veau facile au Cookeo,/recettes/recette_blanquette-de-veau-facile-au-cookeo_383136.aspx,5/5,33 avis,https://assets.afcdn.com/recipe/20191119/102673_w225h225c1cx2808cy1872cxt0cyt0cxb5616cyb3744.jpg,viande,521,4,67,18,12,4 personnes,1h10,très facile,moyen,ecoscore d
4,"Poulet aux quatre C (citron, cumin, cannelle, coriandre)",/recettes/recette_poulet-aux-quatre-c-citron-cumin-cannelle-coriandre_51826.aspx,5/5,18 avis,https://assets.afcdn.com/recipe/20241223/156736_w225h225c1cx539cy542cxt0cyt0cxb1079cyb1084.jpg,viande,392,8,54,13,14,2 personnes,1 h,facile,bon marché,ecoscore c
7,Blanquette de veau : recette traditionnelle,/recettes/recette_blanquette-de-veau-facile_19219.aspx,4.9/5,2776 avis,https://assets.afcdn.com/recipe/20190529/93191_w225h225c1cx4330cy2886cxt0cyt0cxb8660cyb5773.jpg,viande,463,3,64,14,8,4 personnes,2h15,très facile,moyen,ecoscore e
6,Cuissot de chevreuil à la tomate,/recettes/recette_cuissot-de-chevreuil-a-la-tomate_55373.aspx,5/5,15 avis,https://assets.afcdn.com/recipe/20220305/129686_w225h225c1cx1077cy1077cxt0cyt0cxb2155cyb2155.jpeg,viande,175,0,22,4,2,10 personnes,2h15,facile,moyen,ecoscore e
8,Poulet au four simple et savoureux,/recettes/recette_poulet-au-four-version-light_218020.aspx,4.8/5,204 avis,https://assets.afcdn.com/recipe/20200408/109519_w225h225c1cx1933cy2466cxt0cyt0cxb3744cyb5616.jpg,viande,193,0,27,9,2,8 personnes,1h55,facile,moyen,ecoscore d
9,Rôti de boeuf au four tout simple,/recettes/recette_roti-de-boeuf-au-four-tout-simple_342546.aspx,4.3/5,54 avis,https://assets.afcdn.com/recipe/20250408/159502_w225h225c1cx3008cy2008cxt0cyt0cxb6016cyb4016.jpg,viande,388,0,56,18,0,2 personnes,30 min,facile,bon marché,ecoscore e
10,Filet mignon de porc à la moutarde,/recettes/recette_filet-mignon-de-porc-a-la-moutarde_36310.aspx,4.9/5,353 avis,https://assets.afcdn.com/recipe/20171004/72705_w225h225c1cx2000cy3000cxt0cyt0cxb4000cyb6000.jpg,viande,520,0,18,43,5,4 personnes,1h05,très facile,moyen,ecoscore d
11,Rôti de porc tout simple,/recettes/recette_roti-de-porc-tout-simple_170153.aspx,4.5/5,40 avis,https://assets.afcdn.com/recipe/20180621/79715_w225h225c1cx1920cy1080cxt0cyt0cxb3840cyb2160.jpg,viande,660,0,70,42,0,4 personnes,50 min,très facile,bon marché,ecoscore d
12,Boeuf Bourguignon rapide,/recettes/recette_boeuf-bourguignon-rapide_19218.aspx,4.8/5,917 avis,https://assets.afcdn.com/recipe/20131009/56293_w225h225c1cx1872cy2808.jpg,viande,572,0,48,29,5,6 personnes,1h10,très facile,moyen,ecoscore d
13,Cuisses de poulet au four,/recettes/recette_cuisses-de-poulet-au-four_67408.aspx,4.6/5,141 avis,https://assets.afcdn.com/recipe/20221010/135896_w225h225c1cx1089cy845cxt154cyt380cxb1499cyb1342.jpg,viande,250,0,32,13,2,4 personnes,45 min,très facile,bon marché,ecoscore d
14,Rôti de veau au four,/recettes/recette_roti-de-veau-au-four_61313.aspx,4.7/5,75 avis,https://assets.afcdn.com/recipe/20180503/79003_w225h225c1cx3390cy3500cxt0cyt0cxb6666cyb4992.jpg,viande,157,0,2,8,18,6 personnes,1h15,très facile,moyen,ecoscore e
15,Paupiettes de veau,/recettes/recette_paupiettes-de-veau_82641.aspx,4.9/5,306 avis,https://assets.afcdn.com/recipe/20221007/135809_w225h225c1cx851cy1190cxt0cyt0cxb1686cyb1778.jpg,viande,844,0,63,58,8,2 personnes,45 min,très facile,bon marché,ecoscore e
16,Sauté de porc à la crème de moutarde,/recettes/recette_saute-de-porc-a-la-creme-de-moutarde_173829.aspx,4.7/5,322 avis,https://assets.afcdn.com/recipe/20180712/80926_w225h225c1cx1706cy2274cxt0cyt0cxb3412cyb4549.jpg,viande,857,5,57,58,16,4 personnes,40 min,facile,bon marché,ecoscore d
17,Gigot d'agneau : la recette traditionnelle,/recettes/recette_gigot-d-agneau-a-l-ail-et-au-romarin_18696.aspx,4.8/5,173 avis,https://assets.afcdn.com/recipe/20250408/159506_w225h225c1cx2592cy1728cxt0cyt0cxb5184cyb3456.jpg,viande,0,0,0,0,0,6 personnes,55 min,très facile,moyen,ecoscore e
18,La côte de bœuf au four facile et cuite à la perfection,/recettes/recette_la-cote-de-boeuf-au-four-facile-et-cuite-a-la-perfection_372549.aspx,4.6/5,30 avis,https://assets.afcdn.com/recipe/20190710/94957_w225h225c1cx800cy530cxt0cyt0cxb1599cyb1060.jpg,viande,61,0,4,5,0,6 personnes,2h40,facile,assez cher,ecoscore e
19,Poulet rôti et ses pommes de terre,/recettes/recette_poulet-roti-et-ses-pommes-de-terre_43958.aspx,4.7/5,170 avis,https://assets.afcdn.com/recipe/20230630/143926_w225h225c1cx960cy540cxt0cyt0cxb1920cyb1080.jpg,viande,457,-2,52,28,-1,4 personnes,1h15,très facile,bon marché,ecoscore a
20,Osso bucco de veau,/recettes/recette_osso-bucco-de-veau_16090.aspx,4.9/5,253 avis,https://assets.afcdn.com/recipe/20130205/63559_w225h225c1cx966cy1491cxt0cyt0cxb1920cyb2272.jpg,viande,284,4,1,25,5,4 personnes,1h05,facile,moyen,ecoscore d
21,Magret de canard au four,/recettes/recette_magret-de-canard-au-four_80687.aspx,4.5/5,136 avis,https://assets.afcdn.com/recipe/20221007/135801_w225h225c1cx936cy703cxt0cyt197cxb2121cyb1414.jpg,viande,200,0,25,11,0,4 personnes,35 min,très facile,moyen,ecoscore d
23,Filet mignon de porc rôti à la moutarde à l'ancienne,/recettes/recette_filet-mignon-de-porc-roti-a-la-moutarde-a-l-ancienne_165059.aspx,4.6/5,36 avis,https://assets.afcdn.com/recipe/20181017/82781_w225h225c1cx1944cy2592cxt0cyt0cxb3888cyb5184.jpg,viande,509,247,24,18,64,6 personnes,1h40,facile,moyen,ecoscore c
24,Filet de poulet au curry,/recettes/recette_filet-de-poulet-au-curry_80990.aspx,4.9/5,277 avis,https://assets.afcdn.com/recipe/20200907/114028_w225h225c1cx1834cy2751cxt0cyt0cxb3668cyb5502.jpg,viande,18,1,1,0,4,4 personnes,25 min,facile,bon marché,ecoscore d
22,Poulet au coco et curry,/recettes/recette_poulet-au-coco-et-curry_17803.aspx,4.8/5,148 avis,https://assets.afcdn.com/recipe/20221004/135707_w225h225c1cx1487cy763cxt801cyt0cxb2121cyb1414.jpg,viande,19,1,0,0,4,4 personnes,1h15,très facile,bon marché,ecoscore c
25,Langue de boeuf sauce piquante aux cornichons,/recettes/recette_langue-de-boeuf-sauce-piquante-cornichons_170277.aspx,4.8/5,38 avis,https://assets.afcdn.com/recipe/20131102/55590_w225h225c1cx265cy121.jpg,viande,98,1,1,7,7,6 personnes,2h15,facile,moyen,ecoscore e
26,Poulet basquaise,/recettes/recette_poulet-basquaise_16969.aspx,4.7/5,692 avis,https://assets.afcdn.com/recipe/20161116/7224_w225h225c1cx1972cy3850cxt0cyt0cxb3840cyb5760.jpg,viande,438,15,38,23,14,6 personnes,1h20,facile,moyen,ecoscore b
27,Epaule d'agneau confite facile,/recettes/recette_epaule-d-agneau-confite-facile_67739.aspx,4.9/5,84 avis,https://assets.afcdn.com/recipe/20200508/110802_w225h225c1cx540cy960cxt0cyt0cxb1080cyb1920.jpg,viande,1196,0,60,106,0,4 personnes,2h10,facile,moyen,ecoscore e
28,Rouelle de porc à l'ancienne,/recettes/recette_rouelle-de-porc-a-l-ancienne_19807.aspx,4.7/5,101 avis,https://assets.afcdn.com/recipe/20200226/108271_w225h225c1cx960cy540cxt0cyt0cxb1920cyb1080.jpg,viande,638,124,29,36,50,4 personnes,1h10,très facile,bon marché,ecoscore c
29,Potée au choux et saucisse de Morteau,/recettes/recette_potee-au-choux-et-saucisse-de-morteaux_105755.aspx,4.3/5,38 avis,https://assets.afcdn.com/recipe/20130204/6485_w225h225c1cx1250cy1875.jpg,viande,819,20,58,56,19,8 personnes,1h35,facile,moyen,ecoscore c
30,Joue de boeuf à la bourguignonne,/recettes/recette_joue-de-boeuf-a-la-bourguignonne_304962.aspx,4.9/5,41 avis,https://assets.afcdn.com/recipe/20181017/82828_w225h225c1cx1944cy2592cxt0cyt0cxb3888cyb5184.jpg,viande,580,14,20,35,20,4 Personnes,2h30,facile,bon marché,ecoscore d
31,Joue de porc à la bière,/recettes/recette_joue-de-porc-a-la-biere_36896.aspx,4.9/5,192 avis,https://assets.afcdn.com/recipe/20181017/82874_w225h225c1cx1711cy2281cxt0cyt0cxb3422cyb4562.jpg,viande,736,25,66,44,12,4 personnes,2h25,très facile,bon marché,ecoscore d
32,Souris d'agneau confite et fondante,/recettes/recette_souris-d-agneau-au-miel-et-thym_93493.aspx,4.8/5,90 avis,https://assets.afcdn.com/recipe/20250520/160388_w225h225c1cx3360cy2240cxt0cyt0cxb6720cyb4480.jpg,viande,918,38,69,62,20,4 personnes,2h15,très facile,bon marché,ecoscore e
33,Lentilles corail au curry,/recettes/recette_lentilles-corail-au-curry_40286.aspx,4.7/5,179 avis,https://assets.afcdn.com/recipe/20220916/135157_w225h225c1cx671cy1055cxt0cyt0cxb1414cyb2121.jpg,viande,138,26,10,0,23,4 personnes,25 min,très facile,bon marché,ecoscore b
34,Roti de Porc fondant,/recettes/recette_roti-de-porc-fondant_51874.aspx,4.7/5,67 avis,https://assets.afcdn.com/recipe/20200430/110203_w225h225c1cx2880cy1920cxt0cyt0cxb5760cyb3840.jpg,viande,476,0,46,29,1,6 personnes,1h45,très facile,bon marché,ecoscore d
35,Boudin noir poêlé aux pommes,/recettes/recette_boudin-noir-poele-aux-pommes_27785.aspx,4.6/5,71 avis,https://assets.afcdn.com/recipe/20200622/112035_w225h225c1cx2880cy1920cxt0cyt0cxb5760cyb3840.jpg,viande,708,28,16,52,42,2 personnes,1h10,facile,bon marché,ecoscore c
36,Colombo de poulet,/recettes/recette_colombo-de-poulet_36849.aspx,4.6/5,138 avis,https://assets.afcdn.com/recipe/20181017/82877_w225h225c1cx1944cy2592cxt0cyt0cxb3888cyb5184.jpg,viande,328,4,34,19,6,4 personnes,1 h,moyenne,moyen,ecoscore c
37,Papillotes de saumon aux clémentines,/recettes/recette_papillotes-de-saumon-aux-clementines_54028.aspx,5/5,18 avis,https://assets.afcdn.com/recipe/20140215/13373_w225h225c1cx320cy240.jpg,poisson,714,5,47,56,4,4 personnes,40 min,très facile,moyen,ecoscore d
39,Filets de merlan à la crème de poivrons,/recettes/recette_filets-de-merlan-a-la-creme-de-poivrons_224944.aspx,5/5,15 avis,https://assets.afcdn.com/recipe/20120406/19605_w225h225c1cx256cy192.jpg,poisson,279,4,4,22,16,4 personnes,50 min,facile,bon marché,ecoscore d
38,Papillotes de sole tropicale sur lit de poireaux,/recettes/recette_papillotes-de-sole-tropicale-sur-lit-de-poireaux_27490.aspx,5/5,15 avis,https://assets.afcdn.com/recipe/20130204/22879_w225h225c1cx256cy192.jpg,poisson,410,2,62,16,5,4 personnes,25 min,facile,bon marché,ecoscore d
40,Soupe de poisson marseillaise de lucette,/recettes/recette_soupe-de-poisson-marseillaise-de-lucette_51252.aspx,5/5,14 avis,https://assets.afcdn.com/recipe/20130720/46445_w225h225c1cx1296cy968.jpg,poisson,430,29,16,6,76,4 personnes,1h15,moyenne,bon marché,ecoscore c
41,Papillotes de saumon au gingembre,/recettes/recette_papillotes-de-saumon-au-gingembre_70481.aspx,5/5,14 avis,https://assets.afcdn.com/recipe/20180106/76541_w225h225c1cxt0cyt0cxb3264cyb2448.jpg,poisson,0,0,0,0,0,4 personnes,30 min,très facile,moyen,ecoscore c
42,"Papillote de daurade et saumon, mirepoix de légumes",/recettes/recette_papillote-de-daurade-et-saumon-mirepoix-de-legumes_17925.aspx,5/5,9 avis,https://assets.afcdn.com/recipe/20100101/recipe_default_img_placeholder_w225h225c1.jpg,poisson,492,4,22,20,12,2 personnes,40 min,difficile,assez cher,ecoscore d
43,Waterzoï d'églefin par Laurent Mariotte,/recettes/recette_waterzoi-d-eglefin-par-laurent-mariotte_532804.aspx,5/5,1 avis,https://assets.afcdn.com/recipe/20220106/126905_w225h225c1cx1398cy657cxt0cyt0cxb2796cyb1314.png,poisson,298,4,24,20,6,4 personnes,55 min,facile,moyen,-
44,"Riz au curry, haddock kedgeree par Laurent Mariotte",/recettes/recette_riz-au-curry-haddock-kedgeree-par-laurent-mariotte_531948.aspx,5/5,1 avis,https://assets.afcdn.com/recipe/20211018/122812_w225h225c1cx1396cy774cxt0cyt0cxb2792cyb1548.png,poisson,554,97,61,17,39,4 personnes,45 min,facile,bon marché,-
45,Dorade au citron confit par Laurent Mariotte,/recettes/recette_dorade-au-citron-confit-par-laurent-mariotte_531698.aspx,5/5,1 avis,https://assets.afcdn.com/recipe/20210908/121882_w225h225c1cx1351cy666cxt0cyt0cxb2702cyb1332.png,poisson,118,6,16,4,3,4 personnes,50 min,facile,bon marché,-
46,Pavés de saumon au four facile,/recettes/recette_paves-de-saumon-au-four-facile_80135.aspx,4.7/5,39 avis,https://assets.afcdn.com/recipe/20200219/107897_w225h225c1cx4218cy1918cxt2309cyt0cxb6000cyb3842.jpg,poisson,448,0,45,22,18,2 personnes,30 min,très facile,moyen,ecoscore c
47,Dos de cabillaud tout simple,/recettes/recette_dos-de-cabillaud-tout-simple_72532.aspx,4.7/5,136 avis,https://assets.afcdn.com/recipe/20180716/81276_w225h225c1cx1906cy2541cxt0cyt0cxb3812cyb5082.jpg,poisson,89,0,0,10,0,2 personnes,18 min,très facile,assez cher,ecoscore d
48,Bar au four,/recettes/recette_bar-au-four_21505.aspx,4.8/5,137 avis,https://assets.afcdn.com/recipe/20180209/77488_w225h225c1cx2828cy1963cxt0cyt0cxb5656cyb3927.jpg,poisson,53,4,2,0,10,2 personnes,40 min,très facile,moyen,ecoscore d
50,Ailes de raie aux câpres,/recettes/recette_ailes-de-raie-aux-capres_172258.aspx,4.6/5,43 avis,https://assets.afcdn.com/recipe/20170626/69851_w225h225c1cx2592cy1728.jpg,poisson,165,3,4,16,2,4 personnes,20 min,facile,moyen,ecoscore e
49,Lotte à l'Armoricaine : recette savoureuse,/recettes/recette_lotte-a-l-armoricaine_16975.aspx,4.8/5,121 avis,https://assets.afcdn.com/recipe/20130627/17071_w225h225c1cx1032cy2250cxt0cyt1400cxb2500cyb3571.jpg,poisson,265,3,4,10,22,4 personnes,1 h,facile,assez cher,ecoscore e
51,Brandade de morue,/recettes/recette_brandade-de-morue_12736.aspx,4.7/5,226 avis,https://assets.afcdn.com/recipe/20230317/141296_w225h225c1cx745cy672cxt0cyt0cxb2121cyb1332.jpg,poisson,281,62,43,2,24,4 personnes,35 min,très facile,moyen,ecoscore c
52,Filet de lieu noir  crème et moutarde,/recettes/recette_filet-de-lieu-noir-creme-et-moutarde_343779.aspx,4.9/5,40 avis,https://assets.afcdn.com/recipe/20220519/132114_w225h225c1cx3072cy1728cxt0cyt0cxb6144cyb3456.jpeg,poisson,201,1,26,10,1,4 personne,45 min,très facile,moyen,ecoscore d
53,Sole meuniere,/recettes/recette_sole-meuniere_165182.aspx,4.8/5,58 avis,https://assets.afcdn.com/recipe/20200430/110175_w225h225c1cx1920cy2880cxt0cyt0cxb3840cyb5760.jpg,poisson,502,0,62,24,9,4 personnes,20 min,facile,moyen,ecoscore d
54,Fish and Chips (la vraie pâte à friture anglaise),/recettes/recette_fish-and-chips-la-vraie-pate-a-friture-anglaise_22308.aspx,4.8/5,109 avis,https://assets.afcdn.com/recipe/20160531/29017_w225h225c1cx3000cy2000.jpg,poisson,42,-0,4,3,0,4 personnes,24 min,très facile,bon marché,ecoscore b
55,Amour de saumon en papillote,/recettes/recette_amour-de-saumon-en-papillote_21494.aspx,4.7/5,973 avis,https://assets.afcdn.com/recipe/20150922/57763_w225h225c1cx1296cy864.jpg,poisson,4775,5,256,409,17,4 personnes,50 min,très facile,moyen,ecoscore b
56,Papillottes de poisson pour les nuls,/recettes/recette_papillottes-de-poisson-pour-les-nuls_46408.aspx,4.7/5,26 avis,https://assets.afcdn.com/recipe/20221013/136075_w225h225c1cx3072cy1728cxt0cyt0cxb6144cyb3456.jpg,poisson,1042,8,41,37,136,1 personne,25 min,très facile,bon marché,ecoscore c
57,Truite au four,/recettes/recette_truite-au-four-simple_223228.aspx,4.6/5,5 avis,https://assets.afcdn.com/recipe/20160626/5974_w225h225c1cx1560cy2080.jpg,poisson,216,7,4,9,17,2 personnes,35 min,facile,bon marché,ecoscore c
58,Pavé de saumon sur son lit de poireaux,/recettes/recette_pave-de-saumon-sur-son-lit-de-poireaux_25136.aspx,4.7/5,380 avis,https://assets.afcdn.com/recipe/20160404/808_w225h225c1cx1500cy1000.jpg,poisson,545,2,44,39,5,4 personnes,45 min,facile,moyen,ecoscore d
59,Bouillabaisse comme à Marseille,/recettes/recette_bouillabaisse-comme-a-marseille_23522.aspx,4.1/5,15 avis,https://assets.afcdn.com/recipe/20221013/136148_w225h225c1cx3072cy1728cxt0cyt0cxb6144cyb3456.jpg,poisson,822,62,59,52,30,10 personnes,4 h,difficile,assez cher,ecoscore d
60,Cabillaud au four,/recettes/recette_cabillaud-au-four_44399.aspx,4.7/5,67 avis,https://assets.afcdn.com/recipe/20200503/110434_w225h225c1cx960cy540cxt0cyt0cxb1920cyb1080.jpg,poisson,81,0,0,8,0,2 personnes,50 min,très facile,bon marché,ecoscore d
61,Filet de truite sauce citronnée (très facile),/recettes/recette_filet-de-truite-sauce-citronnee-tres-facile_56385.aspx,4.6/5,33 avis,https://assets.afcdn.com/recipe/20230621/143717_w225h225c1cx960cy540cxt0cyt0cxb1920cyb1080.jpg,poisson,164,0,4,16,1,2 personnes,5 min,très facile,bon marché,ecoscore d
62,Filets de loup de mer au four,/recettes/recette_filets-de-loup-de-mer-au-four_225752.aspx,4.8/5,4 avis,https://assets.afcdn.com/recipe/20150211/23713_w225h225c1cx215cy161.jpg,poisson,411,4,65,8,21,4 personnes,35 min,très facile,bon marché,ecoscore d
63,Daurade au four,/recettes/recette_daurade-au-four_66329.aspx,4.7/5,39 avis,https://assets.afcdn.com/recipe/20221013/136077_w225h225c1cx3072cy1728cxt0cyt0cxb6144cyb3456.jpg,poisson,141,4,2,10,10,2 personnes,1h15,très facile,bon marché,ecoscore c
65,Soupe de poissons au bouquet provençal,/recettes/recette_soupe-de-poissons-au-bouquet-provencal_12720.aspx,4.9/5,23 avis,https://assets.afcdn.com/recipe/20160902/38014_w225h225c1cx2808cy1872.jpg,poisson,316,17,15,9,43,4 personnes,1 h,très facile,bon marché,ecoscore d
64,Filet de merlan en papillotes,/recettes/recette_filet-de-merlan-en-papillotes_29539.aspx,4.6/5,45 avis,https://assets.afcdn.com/recipe/20150901/5303_w225h225c1cx1500cy2250.jpg,poisson,245,7,11,20,6,4 personnes,40 min,facile,bon marché,ecoscore d
67,Quiche aux légumes,/recettes/recette_quiche-aux-legumes_171209.aspx,4.5/5,25 avis,https://assets.afcdn.com/recipe/20200630/112347_w225h225c1cx2880cy1920cxt0cyt0cxb5760cyb3840.jpg,poisson,561,10,14,38,41,4 personnes,1h05,facile,bon marché,ecoscore c
66,Queue de lotte au beurre blanc,/recettes/recette_queue-de-lotte-au-beurre-blanc_168755.aspx,4.9/5,38 avis,https://assets.afcdn.com/recipe/20230623/143786_w225h225c1cx960cy540cxt0cyt0cxb1920cyb1080.jpg,poisson,159,0,1,17,1,4 personnes,1 h,facile,moyen,ecoscore e
68,"Pavé de saumon à l’unilatérale, pour une cuisson parfaite à tous les coups",/recettes/recette_pave-de-saumon-a-l-unilaterale-pour-une-cuisson-parfaite-a-tous-les-coups_372636.aspx,4.3/5,3 avis,https://assets.afcdn.com/recipe/20190712/95075_w225h225c1cx800cy530cxt0cyt0cxb1599cyb1060.jpg,poisson,454,-0,42,32,0,4 personnes,57 min,facile,moyen,ecoscore c
69,Filets de Saint-Pierre au beurre d'orange,/recettes/recette_filets-de-saint-pierre-au-beurre-d-orange_19152.aspx,4.8/5,31 avis,https://assets.afcdn.com/recipe/20151030/52044_w225h225c1cx1180cy1214.jpg,poisson,432,15,2,40,12,6 personnes,35 min,très facile,bon marché,ecoscore d
70,Filets de lotte au four à la tomate,/recettes/recette_filets-de-lotte-au-four-a-la-tomate_21385.aspx,5/5,20 avis,https://assets.afcdn.com/recipe/20131005/23881_w225h225c1cx1024cy768.jpg,poisson,276,7,37,10,6,6 personnes,35 min,très facile,moyen,ecoscore d
71,Filet de Colin au curry,/recettes/recette_filet-de-colin-au-curry_83233.aspx,4.9/5,64 avis,https://assets.afcdn.com/recipe/20150304/35093_w225h225c1cx1224cy1632.jpg,poisson,216,1,9,19,2,2 personnes,45 min,très facile,bon marché,ecoscore d
72,Pavés de saumon à la crème,/recettes/recette_paves-de-saumon-a-la-creme_66903.aspx,4.8/5,50 avis,https://assets.afcdn.com/recipe/20221013/136069_w225h225c1cx1920cy1080cxt0cyt0cxb3840cyb2160.jpg,poisson,786,0,44,56,8,2 personnes,30 min,très facile,bon marché,ecoscore d
73,Filet de truite aux amandes (four),/recettes/recette_filet-de-truite-aux-amandes-four_68018.aspx,4.5/5,46 avis,https://assets.afcdn.com/recipe/20150306/36124_w225h225c1cx1208cy1638.jpg,poisson,360,0,3,33,12,2 personnes,30 min,très facile,moyen,ecoscore d
74,Saumon au four express,/recettes/recette_saumon-au-four-express_325985.aspx,5/5,2 avis,https://assets.afcdn.com/recipe/20220505/131760_w225h225c1cx2120cy1416cxt0cyt0cxb4240cyb2832.jpeg,poisson,359,0,42,22,0,4 Personnes,15 min,facile,moyen,ecoscore d
75,Fettucini aux Saint-Jacques et saumon,/recettes/recette_fettucini-aux-saint-jacques-et-saumon_48463.aspx,5/5,18 avis,https://assets.afcdn.com/recipe/20100120/52752_w225h225c1cx256cy192.jpg,fruits de mer,212,0,1,22,2,4 personnes,25 min,très facile,assez cher,ecoscore d
77,Gratin de noix de Saint-Jacques au comté,/recettes/recette_gratin-de-noix-de-saint-jacques-au-comte_70327.aspx,5/5,14 avis,https://assets.afcdn.com/recipe/20140905/16997_w225h225c1cx996cy1022.jpg,fruits de mer,2006,16,26,196,31,4 personnes,25 min,facile,moyen,ecoscore d
76,Persillade de coques,/recettes/recette_persillade-de-coques_32076.aspx,5/5,15 avis,https://assets.afcdn.com/recipe/20100120/33237_w225h225c1cx256cy192.jpg,fruits de mer,282,0,2,9,39,2 personnes,30 min,très facile,moyen,ecoscore c
78,Cari de crevettes (recette réunionnaise),/recettes/recette_cari-de-crevettes-recette-reunionnaise_69454.aspx,5/5,12 avis,https://assets.afcdn.com/recipe/20150208/8689_w225h225c1cx968cy1296.jpg,fruits de mer,196,4,39,3,4,4 personnes,40 min,facile,moyen,ecoscore c
79,Gratinée de noix de pétoncles,/recettes/recette_gratinee-de-noix-de-petoncles_34137.aspx,5/5,12 avis,https://assets.afcdn.com/recipe/20100101/recipe_default_img_placeholder_w225h225c1.jpg,fruits de mer,245,4,10,17,13,4 personnes,1h05,facile,moyen,ecoscore d
80,Noix de Saint Jacques  à la nage,/recettes/recette_noix-de-saint-jacques-a-la-nage_26397.aspx,5/5,12 avis,https://assets.afcdn.com/recipe/20100101/recipe_default_img_placeholder_w225h225c1.jpg,fruits de mer,406,11,9,34,15,4 personnes,25 min,facile,moyen,ecoscore c
81,Coques et palourdes en persillade par Laurent Mariotte,/recettes/recette_coques-et-palourdes-en-persillade-par-laurent-mariotte_532910.aspx,5/5,1 avis,https://assets.afcdn.com/recipe/20220114/127385_w225h225c1cx1390cy774cxt0cyt0cxb2780cyb1548.png,fruits de mer,241,-0,2,1,56,4 personnes,2h15,très facile,moyen,-
82,Crevettes flambées et maïs par Laurent Mariotte,/recettes/recette_crevettes-flambees-et-mais-par-laurent-mariotte_532076.aspx,5/5,1 avis,https://assets.afcdn.com/recipe/20211026/123099_w225h225c1cx1404cy766cxt0cyt0cxb2808cyb1532.png,fruits de mer,442,26,56,20,10,4 personnes,,facile,bon marché,-
83,Moules marinières,/recettes/recette_moules-marinieres_13214.aspx,4.4/5,82 avis,https://assets.afcdn.com/recipe/20221013/136163_w225h225c1cx3072cy1728cxt0cyt0cxb6144cyb3456.jpg,fruits de mer,1270,-1,202,34,32,4 personnes,1 h,très facile,bon marché,ecoscore d
84,Coquilles Saint Jacques à l'ancienne,/recettes/recette_coquilles-saint-jacques-a-l-ancienne_24318.aspx,4.8/5,69 avis,https://assets.afcdn.com/recipe/20200710/112670_w225h225c1cx1060cy707cxt0cyt0cxb2121cyb1414.jpg,fruits de mer,450,0,26,31,6,4 personnes,1h10,facile,moyen,ecoscore d
85,Crevettes à l'ail,/recettes/recette_crevettes-a-l-ail_23490.aspx,4.8/5,88 avis,https://assets.afcdn.com/recipe/20200513/111128_w225h225c1cx540cy960cxt0cyt0cxb1080cyb1920.jpg,fruits de mer,236,0,22,16,0,4 personnes,25 min,très facile,bon marché,ecoscore d
86,Pâte aux crevettes a la crème,/recettes/recette_pate-aux-crevettes-a-la-creme_171330.aspx,4.4/5,19 avis,https://assets.afcdn.com/recipe/20170310/18225_w225h225c1cx2808cy1872.jpg,fruits de mer,492,2,25,40,8,4 personnes,35 min,très facile,bon marché,ecoscore c
87,Calamars à l'armoricaine,/recettes/recette_calamars-a-l-armoricaine_31894.aspx,4.7/5,83 avis,https://assets.afcdn.com/recipe/20200828/113363_w225h225c1cx960cy540cxt0cyt0cxb1920cyb1080.jpg,fruits de mer,352,2,41,4,15,4 personnes,1h15,facile,moyen,ecoscore d
88,Noix de Saint Jacques,/recettes/recette_noix-de-saint-jacques_20420.aspx,4.4/5,18 avis,https://assets.afcdn.com/recipe/20221011/135946_w225h225c1cx1060cy707cxt0cyt194cxb2121cyb1414.jpg,fruits de mer,-32,-0,0,-3,0,2 personnes,10 min,très facile,moyen,ecoscore d
89,Verrines avocats crevettes et fromage frais,/recettes/recette_verrines-avocats-crevettes-et-fromage-frais_68529.aspx,4.8/5,72 avis,https://assets.afcdn.com/recipe/20200828/113386_w225h225c1cx2116cy2083cxt0cyt0cxb5500cyb3666.jpg,fruits de mer,479,5,8,45,10,4 personnes,45 min,facile,moyen,ecoscore d
90,Crevettes au curry express,/recettes/recette_crevettes-au-curry-express_12645.aspx,4.8/5,468 avis,https://assets.afcdn.com/recipe/20150225/32437_w225h225c1cx1250cy1747.jpg,fruits de mer,155,-0,32,2,2,2 personnes,15 min,très facile,moyen,ecoscore d
91,Coquilles St Jacques et leur fondue de poireaux,/recettes/recette_coquilles-st-jacques-et-leur-fondue-de-poireaux_166384.aspx,4.3/5,28 avis,https://assets.afcdn.com/recipe/20181017/82779_w225h225c1cx1944cy2592cxt0cyt0cxb3888cyb5184.jpg,fruits de mer,106,1,14,4,2,2 personnes,35 min,très facile,moyen,ecoscore d
92,Beignets de crevettes marinées,/recettes/recette_beignets-de-crevettes-marinees_38646.aspx,4.7/5,50 avis,https://assets.afcdn.com/recipe/20140103/60287_w225h225c1cx1368cy1824.jpg,fruits de mer,328,9,24,8,40,4 personnes,1h25,facile,bon marché,ecoscore c
93,Moules à la crème,/recettes/recette_moules-a-la-creme_33388.aspx,4.6/5,240 avis,https://assets.afcdn.com/recipe/20180712/80937_w225h225c1cx1944cy2592cxt0cyt0cxb3888cyb5184.jpg,fruits de mer,918,0,45,70,20,4 personnes,35 min,facile,bon marché,ecoscore d
94,Gambas à l'armoricaine,/recettes/recette_gambas-a-l-armoricaine_19644.aspx,4.9/5,142 avis,https://assets.afcdn.com/recipe/20181017/82800_w225h225c1cx1944cy2592cxt0cyt0cxb3888cyb5184.jpg,fruits de mer,168,2,2,16,4,4 personnes,35 min,facile,moyen,ecoscore d
95,Palourdes au vin blanc,/recettes/recette_palourdes-au-vin-blanc_80473.aspx,4/5,6 avis,https://assets.afcdn.com/recipe/20130910/49826_w225h225c1cx1728cy2592.jpg,fruits de mer,273,-0,0,16,5,4 personnes,30 min,très facile,bon marché,ecoscore c
96,Poulpe à la gallego (poulpe de galice),/recettes/recette_poulpe-a-la-gallego-poulpe-de-galice_70051.aspx,4.6/5,15 avis,https://assets.afcdn.com/recipe/20110918/10873_w225h225c1cx256cy192.jpg,fruits de mer,722,0,28,65,7,4 personnes,1h20,très facile,moyen,ecoscore d
97,Moules marinières persillées,/recettes/recette_moules-marinieres-persillees_32408.aspx,4.7/5,115 avis,https://assets.afcdn.com/recipe/20200503/110313_w225h225c1cx960cy540cxt0cyt0cxb1920cyb1080.jpg,fruits de mer,1394,-0,204,37,40,2 personnes,30 min,très facile,bon marché,ecoscore d
98,Demi-avocats aux crevettes,/recettes/recette_demi-avocats-aux-crevettes_20414.aspx,4/5,7 avis,https://assets.afcdn.com/recipe/20131009/48144_w225h225c1cx3392cy2456.jpg,fruits de mer,275,3,6,26,6,4 personnes,15 min,très facile,bon marché,ecoscore d
99,Lamelles d'encornets à la tomate,/recettes/recette_lamelles-d-encornets-a-la-tomate_69917.aspx,4.7/5,39 avis,https://assets.afcdn.com/recipe/20130924/2350_w225h225c1cx1168cy1716.jpg,fruits de mer,284,4,42,8,11,4 personnes,1 h,moyenne,moyen,ecoscore d
100,Cuisson des coques,/recettes/recette_cuisson-des-coques_18358.aspx,4.9/5,15 avis,https://assets.afcdn.com/recipe/20230619/143542_w225h225c1cx3072cy1728cxt0cyt0cxb6144cyb3456.jpg,fruits de mer,323,0,4,1,75,4 personnes,2h10,très facile,bon marché,ecoscore c
101,Crevettes au lait de coco de Roxane,/recettes/recette_crevettes-au-lait-de-coco_20742.aspx,4.8/5,141 avis,https://assets.afcdn.com/recipe/20130722/63627_w225h225c1cx1768cy2496.jpg,fruits de mer,237,6,28,11,7,4 personnes,30 min,très facile,moyen,ecoscore d
102,Crevettes au curry au lait de coco,/recettes/recette_crevettes-au-curry-au-lait-de-coco_31191.aspx,4.8/5,33 avis,https://assets.afcdn.com/recipe/20130925/66934_w225h225c1cx968cy1296.jpg,fruits de mer,16,0,0,0,3,4 personnes,40 min,très facile,moyen,ecoscore b
103,Tielle sétoise,/recettes/recette_tielle-setoise_17608.aspx,4.4/5,11 avis,https://assets.afcdn.com/recipe/20140830/46405_w225h225c1cx2080cy1170.jpg,fruits de mer,472,11,37,11,57,6 personnes,1h30,moyenne,moyen,ecoscore d
104,Saint Jacques sur lit de poireaux,/recettes/recette_saint-jacques-sur-lit-de-poireaux_27600.aspx,4.5/5,100 avis,https://assets.afcdn.com/recipe/20100120/25820_w225h225c1cx256cy192.jpg,fruits de mer,600,1,4,52,9,4 personnes,35 min,facile,moyen,ecoscore c
105,Cassolettes de Saint-Jacques,/recettes/recette_cassolettes-de-saint-jacques_36866.aspx,4.7/5,178 avis,https://assets.afcdn.com/recipe/20181017/82876_w225h225c1cx1944cy2592cxt0cyt0cxb3888cyb5184.jpg,fruits de mer,1206,8,21,111,24,4 personnes,40 min,facile,moyen,ecoscore d
106,Queue de langouste à l'armoricaine,/recettes/recette_queue-de-langouste-a-l-armoricaine_27207.aspx,4.7/5,48 avis,https://assets.afcdn.com/recipe/20181017/82837_w225h225c1cx1944cy2592cxt0cyt0cxb3888cyb5184.jpg,fruits de mer,103,4,1,1,6,4 personnes,1h30,moyenne,assez cher,ecoscore d
107,Bigorneaux - la cuissson parfaite!,/recettes/recette_bigorneaux-la-cuissson-parfaite_80168.aspx,4.6/5,25 avis,https://assets.afcdn.com/recipe/20131106/57340_w225h225c1cx1632cy1224.jpg,fruits de mer,0,0,0,0,0,1 portion,15 min,très facile,bon marché,ecoscore a
108,Crevettes sautées à l'ail,/recettes/recette_crevettes-sautees-a-l-ail_16942.aspx,4.9/5,60 avis,https://assets.afcdn.com/recipe/20230620/143587_w225h225c1cx960cy540cxt0cyt0cxb1920cyb1080.jpg,fruits de mer,158,0,18,8,1,4 personnes,20 min,très facile,moyen,ecoscore d
110,Ormeaux raidis à la poêle,/recettes/recette_ormeaux-raidis-a-la-poele_12535.aspx,4/5,7 avis,https://assets.afcdn.com/recipe/20100101/recipe_default_img_placeholder_w225h225c1.jpg,fruits de mer,0,0,0,0,0,3 personnes,1 j 5 min,très facile,bon marché,ecoscore d
109,Moules au roquefort,/recettes/recette_moules-au-roquefort_36429.aspx,4.9/5,151 avis,https://assets.afcdn.com/recipe/20200503/110321_w225h225c1cx960cy540cxt0cyt0cxb1920cyb1080.jpg,fruits de mer,1021,0,85,63,17,4 bons appétits,35 min,facile,bon marché,ecoscore d
111,Nems au poulet et aux crevettes,/recettes/recette_nems-au-poulet-et-aux-crevettes_96383.aspx,4.6/5,13 avis,https://assets.afcdn.com/recipe/20131110/44576_w225h225c1cx764cy622.jpg,fruits de mer,277,146,28,4,32,10 personnes,3h10,moyenne,moyen,ecoscore c
112,Encornets sautés à la persillade,/recettes/recette_encornets-sautes-a-la-persillade_47432.aspx,4.7/5,63 avis,https://assets.afcdn.com/recipe/20200907/113943_w225h225c1cx960cy540cxt0cyt0cxb1920cyb1080.jpg,fruits de mer,361,0,33,23,6,5 personnes,13 min,très facile,bon marché,ecoscore e
113,Cuisse de dinde façon couscous de chez Karpeth,/recettes/recette_cuisse-de-dinde-facon-couscous-de-chez-karpeth_41363.aspx,5/5,31 avis,https://assets.afcdn.com/recipe/20141102/67230_w225h225c1cx968cy1296.jpg,plat unique,276,109,12,2,53,4 personnes,1h50,moyenne,moyen,ecoscore d
114,Chili con carne Vénézuelien,/recettes/recette_chili-con-carne-venezuelien_53786.aspx,5/5,28 avis,https://assets.afcdn.com/recipe/20160725/48139_w225h225c1cx2464cy1632.jpg,plat unique,1248,161,76,32,165,4 personnes,11 h,facile,bon marché,ecoscore d
115,Fondue vigneronne,/recettes/recette_fondue-vigneronne_18710.aspx,5/5,22 avis,https://assets.afcdn.com/recipe/20100101/recipe_default_img_placeholder_w225h225c1.jpg,plat unique,324,0,13,8,7,4 personnes,1h25,très facile,moyen,ecoscore c
116,Le cassoulet de mamie Mélanie,/recettes/recette_le-cassoulet-de-mamie-melanie_44235.aspx,5/5,14 avis,https://assets.afcdn.com/recipe/20140207/33591_w225h225c1cx1632cy1224.jpg,plat unique,485,0,41,36,0,7 personnes,5h02,moyenne,moyen,ecoscore d
117,Burritos de boeuf au cheddar,/recettes/recette_burritos-de-boeuf-au-cheddar_67340.aspx,5/5,13 avis,https://assets.afcdn.com/recipe/20100101/recipe_default_img_placeholder_w225h225c1.jpg,plat unique,1362,1,40,122,27,4 personnes,50 min,très facile,bon marché,ecoscore c
118,Super croque monsieur,/recettes/recette_super-croque-monsieur_57590.aspx,5/5,11 avis,https://assets.afcdn.com/recipe/20190521/92745_w225h225c1cx1512cy1789cxt0cyt0cxb3024cyb3578.jpg,plat unique,0,0,0,0,0,1 personne,20 min,très facile,bon marché,ecoscore c
119,Couscous poulet et merguez facile,/recettes/recette_couscous-poulet-et-merguez-facile_17751.aspx,4.8/5,618 avis,https://assets.afcdn.com/recipe/20250304/158700_w225h225c1cx2592cy1728cxt0cyt0cxb5184cyb3456.jpg,plat unique,318,58,29,9,30,6 personnes,1h05,très facile,bon marché,ecoscore d
120,Rougail saucisse,/recettes/recette_rougail-saucisse_22851.aspx,4.7/5,406 avis,https://assets.afcdn.com/recipe/20200219/107902_w225h225c1cx4330cy2886cxt0cyt0cxb8660cyb5773.jpg,plat unique,46,4,2,0,10,4 personnes,40 min,très facile,bon marché,ecoscore d
121,Chili con carne facile,/recettes/recette_chili-con-carne-facile_15415.aspx,4.8/5,650 avis,https://assets.afcdn.com/recipe/20211222/126214_w225h225c1cx1124cy721cxt0cyt0cxb2119cyb1415.jpg,plat unique,386,-0,20,23,25,4 personnes,35 min,très facile,bon marché,ecoscore e
122,Hachis Parmentier,/recettes/recette_hachis-parmentier_17639.aspx,4.7/5,977 avis,https://assets.afcdn.com/recipe/20221012/136013_w225h225c1cx727cy1355cxt0cyt502cxb1462cyb2051.jpg,plat unique,459,7,22,29,27,4 personnes,45 min,facile,bon marché,ecoscore c
123,Endives au jambon,/recettes/recette_endives-au-jambon_25868.aspx,4.5/5,109 avis,https://assets.afcdn.com/recipe/20221003/135673_w225h225c1cx1093cy636cxt0cyt0cxb2121cyb1414.jpg,plat unique,915,16,20,84,21,6 personnes,1h10,très facile,bon marché,ecoscore c
124,Pot-au-feu facile,/recettes/recette_pot-au-feu-facile_44578.aspx,4.6/5,118 avis,https://assets.afcdn.com/recipe/20141014/47748_w225h225c1cx800cy800.jpg,plat unique,406,45,58,9,23,6 personnes,2h30,facile,moyen,ecoscore d
125,Croque-monsieur,/recettes/recette_croque-monsieur_19208.aspx,4.6/5,107 avis,https://assets.afcdn.com/recipe/20170112/28965_w225h225c1cx1500cy1000.jpg,plat unique,1390,126,30,125,37,4 personnes,15 min,très facile,bon marché,ecoscore c
126,Carbonades flamandes traditionnelles,/recettes/recette_carbonades-flamandes-traditionnelles_29711.aspx,4.8/5,490 avis,https://assets.afcdn.com/recipe/20130201/9458_w225h225c1cx1250cy1875.jpg,plat unique,1218,79,81,62,49,4 personnes,3h40,très facile,bon marché,ecoscore d
127,Saucisses aux lentilles,/recettes/recette_saucisses-aux-lentilles_22979.aspx,4.7/5,271 avis,https://assets.afcdn.com/recipe/20230321/141460_w225h225c1cx1051cy706cxt0cyt0cxb2121cyb1380.jpg,plat unique,196,32,20,1,26,4 personnes,55 min,facile,bon marché,ecoscore d
128,Choucroute à l'alsacienne,/recettes/recette_choucroute-a-l-alsacienne_29819.aspx,4.8/5,71 avis,https://assets.afcdn.com/recipe/20140814/57083_w225h225c1cx1015cy2015cxt0cyt0cxb1800cyb2700.jpg,plat unique,1437,87,41,107,78,4 personnes,2h15,facile,moyen,ecoscore c
129,Tajine traditionnel (Maroc),/recettes/recette_tajine-traditionnel-maroc_14163.aspx,4.8/5,289 avis,https://assets.afcdn.com/recipe/20181017/82757_w225h225c1cx1944cy2592cxt0cyt0cxb3888cyb5184.jpg,plat unique,30,3,1,0,6,3 personnes,1h15,très facile,bon marché,ecoscore b
130,"Paëlla fruits de mer, chorizo et poulet de Patou",/recettes/recette_paella-fruits-de-mer-chorizo-et-poulet-de-patou_50730.aspx,4.8/5,155 avis,https://assets.afcdn.com/recipe/20190827/96838_w225h225c1cx2100cy1400cxt0cyt0cxb4200cyb2800.jpg,plat unique,770,191,73,28,57,8 personnes,1h10,facile,moyen,ecoscore e
131,La pâte à galettes de blé noir traditionnelle,/recettes/recette_la-pate-a-galettes-de-ble-noir-traditionnelle_35351.aspx,4.4/5,221 avis,https://assets.afcdn.com/recipe/20250129/157795_w225h225c1cx3537cy3900cxt0cyt0cxb8688cyb5792.jpg,plat unique,120,201,4,1,24,10 galettes,20 min,facile,bon marché,ecoscore a
132,Cassoulet à ma façon,/recettes/recette_cassoulet-a-ma-facon_16749.aspx,4.8/5,231 avis,https://assets.afcdn.com/recipe/20130823/61472_w225h225c1cx2808cy1872.jpg,plat unique,731,68,54,31,58,8 personnes,4 h,facile,moyen,ecoscore d
133,Véritable tajine poulet olives et citrons confits et huile d'argan,/recettes/recette_veritable-tajine-de-poulet-aux-citrons-confits-et-aux-olives_231929.aspx,4.7/5,46 avis,https://assets.afcdn.com/recipe/20200512/111001_w225h225c1cx1920cy2880cxt0cyt0cxb3840cyb3997.jpg,plat unique,671,3,55,46,8,4 personnes,1h45,facile,bon marché,ecoscore c
134,Courge spaghetti à la crème et aux lardons,/recettes/recette_courge-spaghetti-a-la-carbonara_64056.aspx,4.8/5,122 avis,https://assets.afcdn.com/recipe/20221020/136474_w225h225c1cx3566cy2833cxt0cyt0cxb7216cyb5412.jpg,plat unique,459,0,20,40,5,4 personnes,50 min,très facile,bon marché,ecoscore b
135,La Vraie Moussaka Grecque,/recettes/recette_la-vraie-moussaka-grecque_72593.aspx,4.9/5,965 avis,https://assets.afcdn.com/recipe/20220623/133014_w225h225c1cx620cy1697cxt0cyt0cxb1414cyb2121.jpg,plat unique,480,20,25,24,40,4 personnes,2h55,moyenne,bon marché,ecoscore c
136,Tomates farcies facile,/recettes/recette_tomates-farcies-facile_63622.aspx,4.6/5,215 avis,https://assets.afcdn.com/recipe/20171012/73069_w225h225c1cx1944cy1292cxt0cyt0cxb3888cyb2585.jpg,plat unique,513,4,19,44,10,4 personnes,1h20,très facile,bon marché,ecoscore d
137,Crêpes salées : les recettes,/recettes/recette_idees-de-garnitures-pour-crepes-salees_33107.aspx,4.7/5,75 avis,https://assets.afcdn.com/recipe/20250129/157794_w225h225c1cx4150cy3350cxt0cyt0cxb8472cyb5648.jpg,plat unique,5695,221,432,354,195,4 personnes,45 min,très facile,moyen,ecoscore c
138,Pad Thai,/recettes/recette_pad-thai_11946.aspx,4.3/5,54 avis,https://assets.afcdn.com/recipe/20170213/60434_w225h225c1cx2000cy3000.jpg,plat unique,314,25,20,16,22,6 personnes,45 min,facile,bon marché,ecoscore c
140,Potée auvergnate,/recettes/recette_une-potee-auvergnate_221229.aspx,4.7/5,33 avis,https://assets.afcdn.com/recipe/20181017/82822_w225h225c1cx1944cy2592cxt0cyt0cxb3888cyb5184.jpg,plat unique,866,162,59,24,102,8 personnes,7h07,facile,bon marché,ecoscore c
139,Les vrais quenelles natures lyonnaises,/recettes/recette_les-vrais-quenelles-natures-lyonnaises_46374.aspx,4.7/5,74 avis,https://assets.afcdn.com/recipe/20130909/63125_w225h225c1cx1655cy2480.jpg,plat unique,181,0,7,14,8,10 quenelles,1h40,facile,bon marché,ecoscore c
141,Fajitas au poulet,/recettes/recette_fajitas-au-poulet_26631.aspx,4.8/5,35 avis,https://assets.afcdn.com/recipe/20200219/107904_w225h225c1cx2300cy3750cxt0cyt750cxb3840cyb5760.jpg,plat unique,403,6,55,16,9,5 personnes,38 min,facile,moyen,ecoscore c
142,Mafé poulet (Sénégal),/recettes/recette_mafe-poulet-senegal_18661.aspx,4.5/5,32 avis,https://assets.afcdn.com/recipe/20200514/111236_w225h225c1cx540cy960cxt0cyt0cxb1080cyb1374.jpg,plat unique,840,-0,62,18,108,4 personnes,1h15,facile,moyen,ecoscore a
143,Fondue bourguignonne et sauces d'accompagnement,/recettes/recette_fondue-bourguignonne-et-sauces-d-accompagnement_23388.aspx,4/5,3 avis,https://assets.afcdn.com/recipe/20200517/111339_w225h225c1cx960cy540cxt0cyt0cxb1920cyb1080.jpg,plat unique,712,1,59,50,8,6 personnes,30 min,facile,moyen,ecoscore e
145,Bo Bun (Vietnam),/recettes/recette_bo-bun-vietnam_26967.aspx,4.7/5,95 avis,https://assets.afcdn.com/recipe/20180504/79026_w225h225c1cx3000cy2000.jpg,plat unique,829,-2,86,32,48,4 personnes,35 min,facile,bon marché,ecoscore c
144,Parmentier de confit de canard,/recettes/recette_parmentier-de-confit-de-canard_17048.aspx,5/5,329 avis,https://assets.afcdn.com/recipe/20221004/135706_w225h225c1cx683cy1487cxt0cyt0cxb1414cyb2119.jpg,plat unique,29,-1,0,2,3,4 personnes,45 min,très facile,moyen,ecoscore b
147,Choux farcis,/recettes/recette_choux-farcis_21814.aspx,4.5/5,42 avis,https://assets.afcdn.com/recipe/20130909/918_w225h225c1cx2144cy1424.jpg,plat unique,479,26,29,18,52,4 personnes,2h10,facile,moyen,ecoscore d
146,Tacos mexicains,/recettes/recette_tacos-mexicains_34389.aspx,4.6/5,38 avis,https://assets.afcdn.com/recipe/20190212/87658_w225h225c1cx1663cy2227cxt0cyt0cxb6236cyb4154.jpg,plat unique,150,2,10,6,13,4 personnes,55 min,très facile,bon marché,ecoscore d
148,Welsh traditionnel à la bière brune,/recettes/recette_welsh-traditionnel-a-la-biere-brune_335586.aspx,4.3/5,33 avis,https://assets.afcdn.com/recipe/20200513/111150_w225h225c1cx960cy540cxt0cyt0cxb1920cyb1080.jpg,plat unique,220,20,18,10,6,4 Personnes,40 min,moyenne,moyen,ecoscore c
149,Omelette tomate poivrons oignons,/recettes/recette_omelette-tomate-poivrons-oignons_24829.aspx,5/5,10 avis,https://assets.afcdn.com/recipe/20211201/125124_w225h225c1cx1544cy1544cxt0cyt0cxb3089cyb3089.jpeg,œufs,376,1,24,29,5,4 personnes,35 min,très facile,bon marché,ecoscore c
150,Omelette au four toute simple,/recettes/recette_omelette-au-four-toute-simple_80695.aspx,5/5,8 avis,https://assets.afcdn.com/recipe/20141230/3771_w225h225c1cx1632cy1224.jpg,œufs,318,3,18,26,3,4 personnes,30 min,facile,bon marché,ecoscore c
151,Bourriquette - Soupe à l'oseille et aux oeufs pochés,/recettes/recette_bourriquette-soupe-a-l-oseille-et-aux-oeufs-poches_72709.aspx,5/5,6 avis,https://assets.afcdn.com/recipe/20140918/32843_w225h225c1cx1024cy768.jpg,œufs,350,85,22,10,44,4 personnes,55 min,facile,moyen,ecoscore c
152,Omelette au brocciu (Corse),/recettes/recette_omelette-au-brocciu-corse_22223.aspx,5/5,6 avis,https://assets.afcdn.com/recipe/20100120/27827_w225h225c1cx192cy256.jpg,œufs,175,0,15,12,0,4 personnes,15 min,très facile,bon marché,ecoscore c
153,Omelette de pommes de terre au comté,/recettes/recette_omelette-de-pommes-de-terre-au-comte_23309.aspx,5/5,4 avis,https://assets.afcdn.com/recipe/20100101/recipe_default_img_placeholder_w225h225c1.jpg,œufs,445,56,24,32,15,6 personnes,50 min,facile,bon marché,ecoscore b
154,Omelette d'été aux poivrons et lardons,/recettes/recette_omelette-d-ete-aux-poivrons-et-lardons_228639.aspx,5/5,4 avis,https://assets.afcdn.com/recipe/20120715/17056_w225h225c1cx256cy192.jpg,œufs,228,1,15,17,3,5 personnes,35 min,très facile,bon marché,ecoscore b
155,Courgette farcie façon oeuf cocotte,/recettes/recette_courgette-farcies-facon-oeuf-cocotte_531337.aspx,5/5,1 avis,https://assets.afcdn.com/recipe/20210630/121010_w225h225c1cx1060cy707cxt0cyt0cxb2121cyb1414.jpg,œufs,145,2,9,10,6,2 personnes,25 min,facile,bon marché,-
156,Oeufs écossais,/recettes/recette_oeufs-ecossais_527932.aspx,4/5,1 avis,https://assets.afcdn.com/recipe/20200706/112519_w225h225c1cx269cy350cxt0cyt0cxb538cyb700.jpg,œufs,580,26,36,24,54,2 personnes,44 min,facile,bon marché,ecoscore e
157,Tchatchouka verte par Laurent Mariotte,/recettes/recette_tchatchouka-verte-par-laurent-mariotte_392663.aspx,5/5,1 avis,https://assets.afcdn.com/recipe/20200622/112062_w225h225c1cx960cy540cxt0cyt0cxb1920cyb1080.png,œufs,217,5,16,9,19,4 personnes,33 min,facile,bon marché,ecoscore b
158,Omelette soufflée de Victor Mercier,/recettes/recette_omelette-soufflee-de-victor-mercier_392367.aspx,4.8/5,4 avis,https://assets.afcdn.com/recipe/20200429/110101_w225h225c1cx180cy240cxt0cyt0cxb360cyb480.jpg,œufs,1752,7,96,147,12,2 personnes,,moyenne,moyen,ecoscore c
159,Oeuf poché ultra simple,/recettes/recette_oeuf-poche-plus-simple-pas-possible_174102.aspx,4.4/5,26 avis,https://assets.afcdn.com/recipe/20251006/163201_w225h225c1cx3000cy2000cxt0cyt0cxb6000cyb4000.jpg,œufs,87,0,8,6,0,1 personne,5 min,facile,bon marché,ecoscore b
160,Omelette nature,/recettes/recette_omelette-nature_21255.aspx,4.8/5,32 avis,https://assets.afcdn.com/recipe/20220914/135098_w225h225c1cx971cy709cxt0cyt0cxb2127cyb1409.jpg,œufs,247,0,13,22,0,4 personnes,15 min,facile,bon marché,ecoscore c
161,Oeufs brouillés nature,/recettes/recette_oeufs-brouilles-nature_30569.aspx,4.7/5,96 avis,https://assets.afcdn.com/recipe/20160719/4753_w225h225c1cx1125cy1500.jpg,œufs,380,1,23,32,1,4 personnes,20 min,très facile,bon marché,ecoscore c
162,Tortilla facile (Espagne),/recettes/recette_tortilla-facile-espagne_16245.aspx,4.4/5,25 avis,https://assets.afcdn.com/recipe/20200512/110960_w225h225c1cx2880cy1920cxt0cyt0cxb5760cyb3840.jpg,œufs,226,0,19,16,2,2 personnes,35 min,très facile,bon marché,ecoscore b
163,Oeuf poché très simple (au micro-ondes),/recettes/recette_reussir-un-oeuf-poche-tres-simplement-micro-onde_173174.aspx,4.4/5,98 avis,https://assets.afcdn.com/recipe/20220519/132108_w225h225c1cx3072cy1728cxt0cyt0cxb6144cyb3456.jpeg,œufs,87,0,8,6,0,1 personne,2 min,très facile,bon marché,ecoscore b
164,Omelette aux pommes de terre et lardons,/recettes/recette_omelette-aux-pommes-de-terre-et-lardons_19387.aspx,4.7/5,85 avis,https://assets.afcdn.com/recipe/20200220/107931_w225h225c1cx2880cy1920cxt0cyt0cxb5760cyb3840.jpg,œufs,216,-0,18,16,0,2 personnes,20 min,très facile,bon marché,ecoscore b
165,Omelette aux asperges sauvages de ma maman,/recettes/recette_omelette-aux-asperges-sauvages-de-ma-maman_167566.aspx,4.5/5,11 avis,https://assets.afcdn.com/recipe/20140430/50720_w225h225c1cx768cy1024.jpg,œufs,87,0,8,6,0,4 personnes,40 min,facile,bon marché,ecoscore c
166,Omelette aux champignons de paris facile,/recettes/recette_omelette-aux-champignons-de-paris-facile_308286.aspx,3.7/5,13 avis,https://assets.afcdn.com/recipe/20131009/59997_w225h225c1cx1345cy938.jpg,œufs,310,0,20,26,1,4 personnes,20 min,facile,bon marché,ecoscore c
167,Tortilla (Espagne),/recettes/recette_tortilla-espagne_11274.aspx,4.3/5,131 avis,https://assets.afcdn.com/recipe/20130628/9442_w225h225c1cx1250cy1875.jpg,œufs,266,124,14,9,33,6 personnes,45 min,facile,bon marché,ecoscore b
168,Omelette aux truffes de Bourgogne,/recettes/recette_omelette-aux-truffes-de-bourgogne_12277.aspx,3.5/5,2 avis,https://assets.afcdn.com/recipe/20160919/15862_w225h225c1cx2619cy1804.jpg,œufs,204,0,16,14,4,2 personnes,20 min,très facile,moyen,ecoscore c
169,"Omelette aux girolles, ail et persil",/recettes/recette_omelette-aux-girolles-ail-et-persil_52045.aspx,4.6/5,24 avis,https://assets.afcdn.com/recipe/20150105/29643_w225h225c1cx270cy480.jpg,œufs,131,0,11,10,0,4 personnes,30 min,très facile,bon marché,ecoscore c
170,Tortilla de pommes de terre,/recettes/recette_tortilla-de-pommes-de-terre_24594.aspx,4.7/5,33 avis,https://assets.afcdn.com/recipe/20201013/114756_w225h225c1cx1060cy707cxt0cyt0cxb2121cyb1414.jpg,œufs,182,-0,15,13,2,4 personnes,35 min,facile,bon marché,ecoscore b
171,Omelette Espagnole (Tortilla auténtica),/recettes/recette_omelette-espagnole-tortilla-autentica_66818.aspx,4.6/5,75 avis,https://assets.afcdn.com/recipe/20100120/54855_w225h225c1cx256cy192.jpg,œufs,114,-0,10,8,1,4 personnes,40 min,facile,bon marché,ecoscore b
172,Tortilla maison,/recettes/recette_tortilla-maison_168251.aspx,4.4/5,12 avis,https://assets.afcdn.com/recipe/20100101/recipe_default_img_placeholder_w225h225c1.jpg,œufs,94,-1,8,6,2,4 personnes,40 min,facile,bon marché,ecoscore b
173,Tortilla de patatas comme en Espagne,/recettes/recette_tortilla-de-patatas-comme-en-espagne_54598.aspx,4.1/5,7 avis,https://assets.afcdn.com/recipe/20130614/44467_w225h225c1cx192cy256.jpg,œufs,115,-1,10,8,1,6 personnes,45 min,moyenne,bon marché,ecoscore b
174,Omelette jambon/fromage,/recettes/recette_omelette-jambon-fromage_68824.aspx,4.9/5,12 avis,https://assets.afcdn.com/recipe/20150218/43131_w225h225c1cx1632cy1224.jpg,œufs,597,0,28,54,0,2 personnes,10 min,facile,bon marché,ecoscore c
175,Omelette aux tomates et aux herbes fraîches,/recettes/recette_omelette-aux-tomates-et-aux-herbes-fraiches_50733.aspx,4.4/5,36 avis,https://assets.afcdn.com/recipe/20100120/33246_w225h225c1cx256cy192.jpg,œufs,279,3,17,20,7,4 personnes,20 min,très facile,bon marché,ecoscore c
176,Omelette à l'ancienne (oignon-lardon-pomme de terre),/recettes/recette_omelette-a-l-ancienne-oignon-lardon-pomme-de-terre_169283.aspx,4.8/5,30 avis,https://assets.afcdn.com/recipe/20130407/35387_w225h225c1cx256cy192.jpg,œufs,304,-0,18,24,4,4 personnes,25 min,facile,moyen,ecoscore b
177,Omelette aux oignons et poivrons,/recettes/recette_omelette-aux-oignons-et-poivrons_63914.aspx,4.7/5,15 avis,https://assets.afcdn.com/recipe/20140726/27072_w225h225c1cx1224cy1632.jpg,œufs,360,1,26,20,20,1 personne,40 min,très facile,bon marché,ecoscore c
178,Tortillas (wraps) estivales,/recettes/recette_tortillas-wraps-estivales_70880.aspx,4.8/5,10 avis,https://assets.afcdn.com/recipe/20160926/21372_w225h225c1cx2752cy2000.jpg,œufs,168,30,4,7,22,2 personnes,15 min,facile,bon marché,ecoscore c
179,Omelette soufflée au fromage,/recettes/recette_omelette-soufflee-au-fromage_345191.aspx,4.8/5,15 avis,https://assets.afcdn.com/recipe/20160721/4182_w225h225c1cx2000cy3000.jpg,œufs,158,0,12,12,0,6 personnes,33 min,facile,bon marché,ecoscore c
180,Omelette aux épinards et mozzarella,/recettes/recette_omelette-aux-epinards-et-mozzarella_30264.aspx,4.6/5,43 avis,https://assets.afcdn.com/recipe/20211216/125932_w225h225c1cx954cy709cxt0cyt0cxb2121cyb1414.jpg,œufs,288,1,23,18,8,2 personnes,15 min,très facile,bon marché,ecoscore c
181,Omelette japonaise (tamago yaki),/recettes/recette_omelette-japonaise-tamago-yaki_66762.aspx,4.5/5,6 avis,https://assets.afcdn.com/recipe/20130216/51293_w225h225c1cx256cy192.jpg,œufs,141,14,8,9,6,4 personnes,8 min,très facile,bon marché,ecoscore c
182,Omelette aux courgettes râpées,/recettes/recette_omelette-aux-courgettes-rapees_60317.aspx,4.6/5,31 avis,https://assets.afcdn.com/recipe/20190410/90647_w225h225c1cx3963cy2690cxt0cyt0cxb6000cyb4000.jpg,œufs,320,4,14,24,10,2 personnes,30 min,très facile,bon marché,ecoscore b
183,Fajitas avec Tortillas fabrication totalement maison..,/recettes/recette_fajitas-avec-tortillas-fabrication-totalement-maison_28028.aspx,3.8/5,50 avis,https://assets.afcdn.com/recipe/20121218/15534_w225h225c1cx256cy192.jpg,œufs,521,212,20,12,84,4 personnes,5 min,facile,bon marché,ecoscore b
184,Brouillade  à la coquille (oeufs brouillés crémeux),/recettes/recette_brouillade-a-la-coquille-oeufs-brouilles-cremeux_33306.aspx,4.7/5,31 avis,https://assets.afcdn.com/recipe/20131118/25639_w225h225c1cx1250cy1875.jpg,œufs,207,0,15,16,1,1 personne,23 min,moyenne,bon marché,ecoscore c
185,Omelette à l'aillet (ail),/recettes/recette_omelette-a-l-aillet_320511.aspx,5/5,2 avis,https://assets.afcdn.com/recipe/20100101/recipe_default_img_placeholder_w225h225c1.jpg,œufs,175,-0,15,13,0,6 Personnes,25 min,facile,bon marché,ecoscore c
186,Pizza tortilla,/recettes/recette_pizza-tortilla_82191.aspx,4.8/5,13 avis,https://assets.afcdn.com/recipe/20170426/36383_w225h225c1cx2000cy3000.jpg,œufs,599,0,20,57,0,4 personnes,15 min,très facile,bon marché,ecoscore d
187,Tortilla froides au saumon (wraps),/recettes/recette_tortilla-froides-au-saumon-wraps_49542.aspx,4.8/5,35 avis,https://assets.afcdn.com/recipe/20230621/143732_w225h225c1cx960cy540cxt0cyt0cxb1920cyb1080.jpg,œufs,-2,0,0,0,0,4 personnes,10 min,très facile,moyen,ecoscore d
188,Omelette sucrée,/recettes/recette_omelette-sucree_80603.aspx,4.7/5,18 avis,https://assets.afcdn.com/recipe/20131025/15946_w225h225c1cx2024cy1345.jpg,œufs,100,21,5,4,12,4 personnes,15 min,très facile,bon marché,ecoscore b
189,Lasagnes végétariennes au chèvre,/recettes/recette_lasagnes-vegetariennes-au-chevre_85814.aspx,5/5,13 avis,https://assets.afcdn.com/recipe/20151024/40299_w225h225c1cx1224cy1632.jpg,plat végétarien,350,30,20,20,22,4 personnes,1 h,facile,bon marché,ecoscore b
192,Poêlée fondante de légumes du soleil,/recettes/recette_poelee-fondante-de-legumes-du-soleil_304937.aspx,5/5,6 avis,https://assets.afcdn.com/recipe/20130614/28260_w225h225c1cx256cy192.jpg,plat végétarien,164,19,4,6,22,4 personnes,1h50,facile,bon marché,ecoscore d
191,Lasagnes végétariennes champignons épinards mascarpone,/recettes/recette_lasagnes-vegetariennes_217243.aspx,5/5,7 avis,https://assets.afcdn.com/recipe/20100101/recipe_default_img_placeholder_w225h225c1.jpg,plat végétarien,774,27,27,64,22,6,1h15,facile,bon marché,ecoscore b
190,Fricassée de champignons et de pommes de terre a la sauce a la coriandre et au curry.,/recettes/recette_fricassee-de-champignons-et-de-pommes-de-terre-a-la-sauce-a-la-coriandre-et-au-curry_90730.aspx,5/5,8 avis,https://assets.afcdn.com/recipe/20100101/recipe_default_img_placeholder_w225h225c1.jpg,plat végétarien,2286,-1,108,203,7,4 personnes,1 h,facile,bon marché,ecoscore a
193,Poêlée rustique de légumes d'Automne au curry et soja,/recettes/recette_poelee-rustique-de-legumes-d-automne-au-curry-et-soja_311705.aspx,5/5,6 avis,https://assets.afcdn.com/recipe/20130919/28472_w225h225c1cx1500cy2000.jpg,plat végétarien,60,4,2,0,12,2 Personnes,50 min,facile,bon marché,ecoscore b
194,Cari de saucisses avec sauce rougail tomate,/recettes/recette_cari-de-saucisses-avec-sauce-rougail-tomate_29231.aspx,5/5,5 avis,https://assets.afcdn.com/recipe/20170325/67330_w225h225c1cx1125cy1500.jpg,plat végétarien,27,3,1,-1,8,4 personnes,1h15,facile,bon marché,ecoscore d
195,Burger au fruit du jacquier façon pulled pork,/recettes/recette_burger-au-fruit-du-jacquier-facon-pulled-pork_531211.aspx,4/5,1 avis,https://assets.afcdn.com/recipe/20210604/120625_w225h225c1cx721cy1221cxt0cyt0cxb1500cyb2000.jpg,plat végétarien,296,49,8,10,44,2 personnes,50 min,facile,bon marché,-
196,Émincé végétal à la sauce tomate,/recettes/recette_emince-vegetal-a-la-sauce-tomate_531193.aspx,4/5,1 avis,https://assets.afcdn.com/recipe/20210602/120560_w225h225c1cx1060cy707cxt0cyt0cxb2121cyb1414.jpg,plat végétarien,75,5,2,3,9,4 personnes,,facile,bon marché,-
197,Aubergines au four,/recettes/recette_aubergines-au-four_13572.aspx,4.3/5,176 avis,https://assets.afcdn.com/recipe/20200503/110328_w225h225c1cx960cy540cxt0cyt0cxb1920cyb1080.jpg,plat végétarien,46,6,2,0,8,4 personnes,40 min,très facile,bon marché,ecoscore c
198,Poêlée de panais,/recettes/recette_poelee-de-panais_35717.aspx,4.4/5,74 avis,https://assets.afcdn.com/recipe/20180726/81588_w225h225c1cx2880cy1920cxt0cyt0cxb5760cyb3840.jpg,plat végétarien,314,22,6,6,57,2 personnes,15 min,très facile,bon marché,ecoscore b
199,Dahl de lentilles corail,/recettes/recette_dahl-de-lentilles-corail_166862.aspx,4.5/5,46 avis,https://assets.afcdn.com/recipe/20200928/114451_w225h225c1cx540cy844cxt0cyt0cxb1080cyb1689.jpg,plat végétarien,380,52,18,15,43,4 personnes,30 min,facile,bon marché,ecoscore b
200,Galettes de pomme de terre,/recettes/recette_galettes-de-pomme-de-terre_14072.aspx,3.9/5,181 avis,https://assets.afcdn.com/recipe/20161116/6912_w225h225c1cx1326cy1585.jpg,plat végétarien,71,-1,4,2,10,4 personnes,35 min,facile,bon marché,ecoscore a
201,Lasagnes aux légumes,/recettes/recette_lasagnes-aux-legumes_21175.aspx,4.5/5,72 avis,https://assets.afcdn.com/recipe/20200622/112139_w225h225c1cx2790cy1860cxt0cyt0cxb5580cyb3720.jpg,plat végétarien,258,47,6,10,36,6 personnes,45 min,moyenne,moyen,ecoscore c
202,Lasagnes végétariennes (facile),/recettes/recette_lasagnes-vegetariennes-facile_10527.aspx,4.8/5,290 avis,https://assets.afcdn.com/recipe/20210212/117942_w225h225c1cx1060cy707cxt0cyt0cxb2121cyb1414.jpg,plat végétarien,669,14,40,41,36,4 personnes,1h20,facile,bon marché,ecoscore b
203,Curry de pois chiches,/recettes/recette_curry-de-pois-chiches_22535.aspx,4.8/5,66 avis,https://assets.afcdn.com/recipe/20230310/141125_w225h225c1cx690cy608cxt0cyt0cxb1370cyb1218.jpg,plat végétarien,401,71,20,8,62,4 personnes,55 min,facile,bon marché,ecoscore b
205,Aubergines à la Parmigiana,/recettes/recette_aubergines-a-la-parmigiana_36293.aspx,4.5/5,119 avis,https://assets.afcdn.com/recipe/20130909/19326_w225h225c1cx1500cy1123.jpg,plat végétarien,291,15,17,15,17,4 personnes,1h30,facile,bon marché,ecoscore c
204,Poêlée de pois gourmands et pommes de terre,/recettes/recette_poelee-de-pois-gourmands-et-pommes-de-terre_60132.aspx,4.5/5,11 avis,https://assets.afcdn.com/recipe/20130517/18468_w225h225c1cx256cy192.jpg,plat végétarien,163,81,6,0,34,4 personnes,20 min,facile,bon marché,ecoscore a
207,Faire soi-même du Seitan,/recettes/recette_faire-soi-meme-du-seitan_38506.aspx,4.6/5,7 avis,https://assets.afcdn.com/recipe/20170330/11404_w225h225c1cx1100cy1100.jpg,plat végétarien,0,0,0,0,0,500 g de Seitan,35 min,très facile,bon marché,ecoscore b
206,Galettes de pommes de terre,/recettes/recette_galettes-de-pommes-de-terre_12315.aspx,4.5/5,137 avis,https://assets.afcdn.com/recipe/20210304/118351_w225h225c1cx1060cy707cxt0cyt0cxb2121cyb1414.jpg,plat végétarien,36,-1,2,1,4,6 personnes,40 min,facile,bon marché,ecoscore a
208,Curry de légumes végétarien,/recettes/recette_curry-de-legumes-vegetarien_88522.aspx,4.8/5,75 avis,https://assets.afcdn.com/recipe/20220505/131765_w225h225c1cx2120cy1416cxt0cyt0cxb4240cyb2832.jpeg,plat végétarien,334,9,7,18,35,4 personnes,1h20,très facile,bon marché,ecoscore b
209,Ma poêlée de légumes,/recettes/recette_ma-poelee-de-legumes_89287.aspx,5/5,3 avis,https://assets.afcdn.com/recipe/20170406/12755_w225h225c1cx2334cy1464.jpg,plat végétarien,48,3,2,0,9,2 personnes,50 min,facile,bon marché,ecoscore a
210,Dal lentilles au lait de coco,/recettes/recette_dal-lentilles-au-lait-de-coco_70773.aspx,4.8/5,113 avis,https://assets.afcdn.com/recipe/20130201/21356_w225h225c1cx1250cy1875.jpg,plat végétarien,188,26,14,1,32,3 personnes,35 min,facile,bon marché,ecoscore b
211,Aubergine à la parmesane,/recettes/recette_aubergine-a-la-parmesane_11318.aspx,4.7/5,161 avis,https://assets.afcdn.com/recipe/20180703/80157_w225h225c1cx2934cy1786cxt0cyt0cxb5868cyb3572.jpg,plat végétarien,632,2,40,49,6,2 personnes,1h15,facile,bon marché,ecoscore d
212,Veggie burger,/recettes/recette_veggie-burger_371863.aspx,4.3/5,3 avis,https://assets.afcdn.com/recipe/20190320/89715_w225h225c1cx2808cy1872cxt0cyt0cxb5608cyb3741.jpg,plat végétarien,808,50,38,56,38,2 burger,25 min,facile,bon marché,ecoscore c
213,Galettes de pommes de terre d'Alsace,/recettes/recette_galettes-de-pommes-de-terre-d-alsace_11830.aspx,4.5/5,90 avis,https://assets.afcdn.com/recipe/20171218/76125_w225h225c1cx1872cy2808cxt0cyt0cxb3744cyb5616.jpg,plat végétarien,36,-1,2,2,3,4 personnes,35 min,moyenne,moyen,ecoscore a
214,Burger végétarien aux lentilles,/recettes/recette_burger-vegetarien-aux-lentilles_345408.aspx,5/5,23 avis,https://assets.afcdn.com/recipe/20170320/13294_w225h225c1cx2144cy1424.jpg,plat végétarien,573,156,29,20,68,4 personnes,55 min,très facile,bon marché,ecoscore c
215,Tempeh mariné à la sauce soja,/recettes/recette_tempeh-marine-a-la-sauce-soja_383595.aspx,5/5,2 avis,https://assets.afcdn.com/recipe/20191205/103629_w225h225c1cx1934cy2901cxt0cyt0cxb3868cyb5802.jpg,plat végétarien,124,34,0,8,14,4 personnes,,facile,bon marché,ecoscore b
216,Galettes de chou-fleur panées,/recettes/recette_galettes-de-chou-fleur_529826.aspx,3.9/5,17 avis,https://assets.afcdn.com/recipe/20210118/117386_w225h225c1cx707cy1059cxt0cyt0cxb1415cyb2119.jpg,plat végétarien,396,153,18,10,58,4 personnes,40 min,facile,bon marché,ecoscore a
218,Aiguillettes de poulet au curry et patates douces,/recettes/recette_aiguillettes-de-poulet-au-curry-et-patates-douces_315257.aspx,4.2/5,17 avis,https://assets.afcdn.com/recipe/20151006/51139_w225h225c1cx1632cy918.jpg,plat végétarien,1166,-0,50,40,152,2 Personnes,1 h,facile,bon marché,ecoscore c
217,Aubergines au four à la mozzarella,/recettes/recette_aubergines-au-four-a-la-mozzarella_50402.aspx,5/5,14 avis,https://assets.afcdn.com/recipe/20230713/144153_w225h225c1cx960cy540cxt0cyt0cxb1920cyb1080.jpg,plat végétarien,211,10,13,12,13,4 personnes,1h25,facile,bon marché,ecoscore c
219,Maâkouda (galettes de pommes de terre marocaines),/recettes/recette_maakouda-crepes-de-pommes-de-terre-safranees_171388.aspx,4.1/5,9 avis,https://assets.afcdn.com/recipe/20100101/recipe_default_img_placeholder_w225h225c1.jpg,plat végétarien,76,-0,4,3,8,8 galettes,35 min,facile,bon marché,ecoscore b
221,Curry d'aubergines au lait de coco,/recettes/recette_curry-d-aubergines-au-lait-de-coco_528576.aspx,4.6/5,14 avis,https://assets.afcdn.com/recipe/20200921/114249_w225h225c1cx1652cy2504cxt0cyt0cxb3024cyb4032.jpg,plat végétarien,104,5,2,7,8,6 personnes,45 min,très facile,bon marché,ecoscore c
220,"Poêlée de pomme de terre, carotte et haricots rouges",/recettes/recette_poelee-de-pomme-de-terre-et-legumes_332681.aspx,4.6/5,5 avis,https://assets.afcdn.com/recipe/20141117/31267_w225h225c1cx2592cy1728.jpg,plat végétarien,636,58,49,10,88,2 Personnes,50 min,très facile,bon marché,ecoscore a
222,Poêlée de patates douces et courgettes,/recettes/recette_poelee-de-patates-douces-et-courgettes_342968.aspx,4.3/5,12 avis,https://assets.afcdn.com/recipe/20170514/36092_w225h225c1cx1224cy1632.jpg,plat végétarien,182,2,4,2,36,4 personne,45 min,très facile,bon marché,ecoscore a
223,Poêlée de courgettes et de poivrons,/recettes/recette_poelee-de-courgettes-et-de-poivrons_221067.aspx,4.7/5,6 avis,https://assets.afcdn.com/recipe/20170414/63787_w225h225c1cx1225cy844.jpg,plat végétarien,52,2,2,0,10,2 personnes,40 min,facile,bon marché,ecoscore a
224,Hamburger Végétarien,/recettes/recette_hamburger-vegetarien_19445.aspx,4.7/5,58 avis,https://assets.afcdn.com/recipe/20160127/44502_w225h225c1cx2656cy1494.jpg,plat végétarien,453,107,11,32,30,5 hamburgers,30 min,facile,bon marché,ecoscore c
226,"Lasagnes végétariennens aux légumes d'été (courgette, aubergine, poivron, tomates...)",/recettes/recette_lasagnes-d-ete_310634.aspx,5/5,12 avis,https://assets.afcdn.com/recipe/20190623/94197_w225h225c1cx1512cy1900cxt0cyt0cxb3024cyb3800.jpg,"pâtes, riz, semoule",577,217,27,18,78,6 personnes,1h20,facile,bon marché,ecoscore c
227,Lasagnes aux courgettes et chèvre,/recettes/recette_lasagnes-aux-courgettes-et-chevre_80661.aspx,5/5,11 avis,https://assets.afcdn.com/recipe/20250707/161231_w225h225c1cx2016cy1512cxt0cyt0cxb4032cyb3024.jpeg,"pâtes, riz, semoule",255,52,6,9,38,6 personnes,50 min,facile,moyen,ecoscore b
228,Tagliatelles à la carbonara (pancetta et pecorino),/recettes/recette_tagliatelles-a-la-carbonara_230974.aspx,5/5,10 avis,https://assets.afcdn.com/recipe/20100101/recipe_default_img_placeholder_w225h225c1.jpg,"pâtes, riz, semoule",317,99,16,8,46,4 personnes,25 min,facile,bon marché,ecoscore d
225,Nouilles chinoises sautées aux légumes,/recettes/recette_nouilles-chinoises-sautees-aux-legumes_68336.aspx,5/5,21 avis,https://assets.afcdn.com/recipe/20130923/14091_w225h225c1cx1920cy2152.jpg,"pâtes, riz, semoule",449,213,18,6,80,4 personnes,45 min,facile,moyen,ecoscore b
229,"Pâtes aux petits légumes et lardons, au wok",/recettes/recette_pates-aux-petits-legumes-et-lardons-au-wok_53479.aspx,5/5,10 avis,https://assets.afcdn.com/recipe/20190808/96147_w225h225c1cx2000cy1500cxt0cyt0cxb4000cyb3000.jpg,"pâtes, riz, semoule",451,102,18,12,68,3 personnes,30 min,facile,bon marché,ecoscore c
230,Pâtes carbonara aux poireaux,/recettes/recette_pates-carbonara-aux-poireaux_334939.aspx,5/5,9 avis,https://assets.afcdn.com/recipe/20150118/39684_w225h225c1cx1080cy1920.jpg,"pâtes, riz, semoule",894,1,26,84,9,2 Personnes,35 min,facile,bon marché,ecoscore c
231,"Pâtes au porc, oignon rouge et tomates",/recettes/recette_pates-au-porc-oignon-rouge-et-tomates_534348.aspx,5/5,1 avis,https://assets.afcdn.com/recipe/20220915/135133_w225h225c1cx1512cy1375cxt0cyt0cxb3024cyb2751.jpg,"pâtes, riz, semoule",740,6,37,21,101,4 personnes,35 min,très facile,bon marché,-
233,Lasagnes à la bolognaise,/recettes/recette_lasagnes-a-la-bolognaise_18215.aspx,4.8/5,1402 avis,https://assets.afcdn.com/recipe/20200408/109520_w225h225c1cx1866cy2800cxt0cyt0cxb3732cyb5600.jpg,"pâtes, riz, semoule",604,22,27,31,48,8 personnes,2h05,moyenne,moyen,ecoscore b
232,"Pâtes gourmandes à la tomate, parmesan et mozzarella fondue",/recettes/recette_pates-gourmande-a-la-tomate-parmesan-et-mozzarella_532054.aspx,4.5/5,2 avis,https://assets.afcdn.com/recipe/20211022/123019_w225h225c1cx1905cy1817cxt0cyt0cxb4031cyb3024.jpg,"pâtes, riz, semoule",590,3,28,50,7,4 personnes,20 min,très facile,bon marché,-
234,Carbonara traditionnelle,/recettes/recette_carbonara-traditionnelle_340808.aspx,4.6/5,28 avis,https://assets.afcdn.com/recipe/20160401/465_w225h225c1cx1588cy2398.jpg,"pâtes, riz, semoule",422,0,20,37,2,4 personne,35 min,facile,bon marché,ecoscore d
235,Risotto aux champignons : la vraie recette,/recettes/recette_risotto-aux-champignons_312215.aspx,4.9/5,120 avis,https://assets.afcdn.com/recipe/20221020/136481_w225h225c1cx3588cy2733cxt0cyt0cxb7216cyb5412.jpg,"pâtes, riz, semoule",358,71,10,2,57,2 Personnes,1h15,moyenne,bon marché,ecoscore d
236,Riz cantonais facile,/recettes/recette_riz-cantonais-facile_27686.aspx,4.6/5,145 avis,https://assets.afcdn.com/recipe/20160517/45721_w225h225c1cx2000cy3000.jpg,"pâtes, riz, semoule",261,71,13,10,30,4 personnes,50 min,très facile,bon marché,ecoscore c
237,Gnocchis faits maison,/recettes/recette_gnocchis-faits-maison_309952.aspx,4.6/5,92 avis,https://assets.afcdn.com/recipe/20200318/109115_w225h225c1cx1936cy1296cxt0cyt0cxb3872cyb2592.jpg,"pâtes, riz, semoule",344,62,11,5,64,4 Personnes,1h20,moyenne,bon marché,ecoscore a
238,Tagliatelles au saumon frais,/recettes/recette_tagliatelles-au-saumon-frais_11354.aspx,4.6/5,210 avis,https://assets.afcdn.com/recipe/20230315/141255_w225h225c1cx1103cy787cxt0cyt142cxb2120cyb1414.jpg,"pâtes, riz, semoule",503,53,12,26,55,5 personnes,25 min,très facile,moyen,ecoscore c
239,"Gratin de pâtes moelleux, facile et pas cher",/recettes/recette_gratin-de-pates-moelleux-facile-et-pas-cher_53247.aspx,4.9/5,99 avis,https://assets.afcdn.com/recipe/20161123/34832_w225h225c1cx2644cy1872.jpg,"pâtes, riz, semoule",1430,80,64,96,77,2 personnes,25 min,très facile,bon marché,ecoscore c
240,Cannelloni de viande,/recettes/recette_cannelloni-de-viande_45211.aspx,4.5/5,85 avis,https://assets.afcdn.com/recipe/20221004/135710_w225h225c1cx687cy963cxt0cyt0cxb1414cyb2121.jpg,"pâtes, riz, semoule",510,-0,29,37,16,4 personnes,1h30,très facile,bon marché,ecoscore c
242,Spaghetti bolognaise,/recettes/recette_spaghetti-bolognaise_19840.aspx,4.3/5,79 avis,https://assets.afcdn.com/recipe/20161014/66965_w225h225c1cx2000cy3000.jpg,"pâtes, riz, semoule",1022,25,43,23,159,4 personnes,1h20,très facile,bon marché,ecoscore d
241,Nouilles chinoises aux légumes et aux épices,/recettes/recette_nouilles-chinoises-aux-legumes-et-aux-epices_21482.aspx,4.7/5,138 avis,https://assets.afcdn.com/recipe/20220505/131766_w225h225c1cx2120cy1416cxt0cyt0cxb4240cyb2832.jpeg,"pâtes, riz, semoule",507,10,20,30,39,4 personnes,25 min,très facile,bon marché,ecoscore b
243,Pâtes fraîches,/recettes/recette_pates-fraiches_11537.aspx,4.7/5,85 avis,https://assets.afcdn.com/recipe/20200508/110783_w225h225c1cx540cy810cxt0cyt0cxb1080cyb1620.jpg,"pâtes, riz, semoule",425,243,18,8,72,4 personnes,1h10,difficile,bon marché,ecoscore b
245,Lasagnes à la bolognaise très facile,/recettes/recette_lasagnes-a-la-bolognaise-tres-facile_70480.aspx,4.7/5,463 avis,https://assets.afcdn.com/recipe/20180119/76936_w225h225c1cx2680cy1786cxt0cyt0cxb5361cyb3573.jpg,"pâtes, riz, semoule",1259,6,64,101,24,4 personnes,1h05,très facile,bon marché,ecoscore d
247,Riz aux crevettes et oignons,/recettes/recette_riz-aux-crevettes-et-oignons_21656.aspx,4.8/5,10 avis,https://assets.afcdn.com/recipe/20170612/69508_w225h225c1cx2808cy1872.jpg,"pâtes, riz, semoule",355,1,28,20,16,4 personnes,35 min,très facile,bon marché,ecoscore c
246,Simplissimes nouilles sautées au poulet,/recettes/recette_simplissimes-nouilles-sautees-au-poulet_37164.aspx,4.8/5,75 avis,https://assets.afcdn.com/recipe/20221013/136112_w225h225c1cx3072cy1728cxt0cyt0cxb6144cyb3456.jpg,"pâtes, riz, semoule",182,-2,23,8,6,4 personnes,20 min,très facile,bon marché,ecoscore d
244,Lasagnes au saumon et aux épinards,/recettes/recette_lasagnes-au-saumon-et-aux-epinards_14665.aspx,4.6/5,351 avis,https://assets.afcdn.com/recipe/20200219/107895_w225h225c1cx2107cy1402cxt0cyt0cxb4215cyb2805.jpg,"pâtes, riz, semoule",537,6,22,46,10,4 personnes,40 min,très facile,moyen,ecoscore c
248,Pâtes au thon,/recettes/recette_pates-au-thon_13754.aspx,4.5/5,221 avis,https://assets.afcdn.com/recipe/20130627/43127_w225h225c1cx1250cy1875.jpg,"pâtes, riz, semoule",672,0,28,58,9,2 personnes,20 min,très facile,bon marché,ecoscore c
249,Tagliatelles au saumon fumé,/recettes/recette_tagliatelles-au-saumon-fume_29803.aspx,4.7/5,137 avis,https://assets.afcdn.com/recipe/20200228/108512_w225h225c1cx960cy540cxt0cyt0cxb1920cyb1080.jpg,"pâtes, riz, semoule",648,159,21,30,75,4 personnes,25 min,facile,moyen,ecoscore c
251,Pâtes sauce alfredo,/recettes/recette_pates-sauce-alfredo_82510.aspx,4.8/5,11 avis,https://assets.afcdn.com/recipe/20140310/25516_w225h225c1cx1224cy1632.jpg,"pâtes, riz, semoule",670,139,20,37,64,4 personnes,20 min,très facile,bon marché,ecoscore c
252,Lasagnes au saumon faciles,/recettes/recette_lasagnes-au-saumon-faciles_45164.aspx,4.5/5,22 avis,https://assets.afcdn.com/recipe/20200517/111327_w225h225c1cx960cy540cxt0cyt0cxb1920cyb1080.jpg,"pâtes, riz, semoule",254,14,22,14,11,6 personnes,1 h,très facile,bon marché,ecoscore c
250,Mac and cheese super rapide,/recettes/recette_mac-and-cheese-super-rapide_528915.aspx,3.9/5,24 avis,https://assets.afcdn.com/recipe/20201028/115069_w225h225c1cx1426cy2756cxt0cyt0cxb3024cyb4032.jpg,"pâtes, riz, semoule",423,6,11,20,51,4 personnes,20 min,très facile,bon marché,ecoscore b
253,Lasagnes à la ricotta et aux épinards,/recettes/recette_lasagnes-a-la-ricotta-et-aux-epinards_22045.aspx,4.6/5,99 avis,https://assets.afcdn.com/recipe/20220505/131753_w225h225c1cx1060cy707cxt0cyt0cxb2121cyb1414.jpg,"pâtes, riz, semoule",317,13,18,22,11,6 personnes,40 min,facile,bon marché,ecoscore c
254,Sauté de nouilles aux crevettes en 25 minutes,/recettes/recette_saute-de-nouilles-aux-crevettes_374874.aspx,4.8/5,41 avis,https://assets.afcdn.com/recipe/20190912/98117_w225h225c1cx942cy628cxt0cyt0cxb1885cyb1257.jpg,"pâtes, riz, semoule",47,18,0,0,11,4 personnes,21 min,facile,moyen,ecoscore c
255,Nouilles de riz sautées au poulet,/recettes/recette_nouilles-de-riz-sautees-au-poulet_315698.aspx,4.8/5,33 avis,https://assets.afcdn.com/recipe/20230621/143673_w225h225c1cx960cy540cxt0cyt0cxb1920cyb1080.jpg,"pâtes, riz, semoule",630,115,36,12,96,2 Personnes,40 min,facile,bon marché,ecoscore c
257,Spaghetti aux fruits de mer express,/recettes/recette_spaghetti-aux-fruits-de-mer-express_80047.aspx,4.8/5,58 avis,https://assets.afcdn.com/recipe/20200907/113962_w225h225c1cx2880cy1920cxt0cyt0cxb5760cyb3840.jpg,"pâtes, riz, semoule",673,0,49,45,9,4 personnes,45 min,facile,bon marché,ecoscore d
256,Spaetzle,/recettes/recette_spaetzle_165933.aspx,4.6/5,22 avis,https://assets.afcdn.com/recipe/20170412/63553_w225h225c1cx1872cy2808.jpg,"pâtes, riz, semoule",883,0,39,22,130,2 personnes,12 min,facile,bon marché,ecoscore b
258,Spaghetti aux crevettes et à la crème,/recettes/recette_spaghetti-aux-crevettes-et-a-la-creme_53043.aspx,4.8/5,15 avis,https://assets.afcdn.com/recipe/20170321/3159_w225h225c1cx2808cy1872.jpg,"pâtes, riz, semoule",661,0,64,37,6,4 personnes,1 h,très facile,bon marché,ecoscore c
259,Nouilles sautées aux légumes,/recettes/recette_nouilles-sautees-aux-legumes_33051.aspx,4.8/5,33 avis,https://assets.afcdn.com/recipe/20161114/27613_w225h225c1cx2808cy1872.jpg,"pâtes, riz, semoule",539,142,31,28,40,6 personnes,1 h,très facile,bon marché,ecoscore d
260,"Riz, poulet à la crème fraîche et à la tomate",/recettes/recette_riz-au-poulet_220511.aspx,4.9/5,16 avis,https://assets.afcdn.com/recipe/20181204/84560_w225h225c1cx1900cy1838cxt0cyt0cxb3738cyb3738.jpg,"pâtes, riz, semoule",171,0,1,17,3,4 personnes,35 min,très facile,bon marché,ecoscore c
261,Risotto au chorizo,/recettes/recette_risotto-au-chorizo_17724.aspx,4.6/5,95 avis,https://assets.afcdn.com/recipe/20200828/113382_w225h225c1cx2150cy1833cxt0cyt0cxb5760cyb3840.jpg,"pâtes, riz, semoule",84,-1,0,9,0,4 personnes,25 min,très facile,bon marché,ecoscore e
263,Fondue de fenouil toute simple à l'huile d'olive,/recettes/recette_fondue-de-fenouil-toute-simple-a-l-huile-d-olive_66104.aspx,5/5,13 avis,https://assets.afcdn.com/recipe/20130318/8968_w225h225c1cx256cy192.jpg,plats au fromage,81,8,6,1,12,4 personnes,35 min,très facile,bon marché,ecoscore b
262,Gratin de macaroni jambon-fromage,/recettes/recette_gratin-de-macaroni-jambon-fromage_310136.aspx,4.3/5,14 avis,https://assets.afcdn.com/recipe/20221013/136172_w225h225c1cx3072cy1728cxt0cyt0cxb6144cyb3456.jpg,"pâtes, riz, semoule",736,0,21,46,59,5 Personnes,45 min,facile,bon marché,ecoscore c
264,Munstiflette (tartiflette au munster),/recettes/recette_munstiflette-tartiflette-au-munster_32795.aspx,5/5,12 avis,https://assets.afcdn.com/recipe/20230105/139164_w225h225c1cx1060cy707cxt0cyt0cxb2121cyb1414.jpg,plats au fromage,26,-1,0,3,-1,3 personnes,1h10,très facile,moyen,ecoscore a
265,La tartiflette gourmande (à la poêle),/recettes/recette_la-tartiflette-gourmande-a-la-poele_345900.aspx,5/5,10 avis,https://assets.afcdn.com/recipe/20161001/53756_w225h225c1cx1500cy1125.jpg,plats au fromage,916,124,54,49,65,4 personnes,1h30,très facile,bon marché,ecoscore b
266,Camembert frit pané,/recettes/recette_camembert-frit-pane_33431.aspx,5/5,9 avis,https://assets.afcdn.com/recipe/20161113/40129_w225h225c1cx576cy1024.jpg,plats au fromage,612,-0,42,48,0,2 personnes,30 min,moyenne,bon marché,ecoscore c
268,Tarte lendemain de raclette,/recettes/recette_tarte-lendemain-de-raclette_165969.aspx,5/5,6 avis,https://assets.afcdn.com/recipe/20100101/recipe_default_img_placeholder_w225h225c1.jpg,plats au fromage,1148,-0,18,109,23,4 personnes,1h10,très facile,bon marché,ecoscore b
267,La buttertiflette (tartiflette au butternut),/recettes/recette_la-buttertiflette-tartiflette-au-butternut_534779.aspx,5/5,7 avis,https://assets.afcdn.com/recipe/20221208/138306_w225h225c1cx559cy696cxt0cyt0cxb1125cyb1782.jpg,plats au fromage,332,-0,28,22,6,2 personnes,1h05,très facile,bon marché,-
270,Tartiflette des Alpes,/recettes/recette_tartiflette_530435.aspx,4/5,1 avis,https://assets.afcdn.com/recipe/20210324/118820_w225h225c1cx1416cy1416cxt0cyt0cxb2832cyb2832.jpg,plats au fromage,219,-2,18,12,9,4 personnes,40 min,facile,bon marché,-
269,Mes croissants jambon fromage par Laurent Mariotte,/recettes/recette_mes-croissants-jambon-fromage-par-laurent-mariotte_531942.aspx,5/5,2 avis,https://assets.afcdn.com/recipe/20211013/122672_w225h225c1cx1406cy750cxt0cyt0cxb2812cyb1500.png,plats au fromage,507,-1,36,39,2,4 personnes,25 min,facile,bon marché,-
272,Fondue aux poireaux,/recettes/recette_fondue-de-poireaux_20348.aspx,4.7/5,609 avis,https://assets.afcdn.com/recipe/20131027/10725_w225h225c1cx300cy200.jpg,plats au fromage,110,4,2,8,6,4 personnes,1 h,très facile,bon marché,ecoscore b
271,Tartiflette : la vraie recette,/recettes/recette_la-vraie-tartiflette_17634.aspx,4.7/5,721 avis,https://assets.afcdn.com/recipe/20160401/38946_w225h225c1cx2690cy1793.jpg,plats au fromage,726,124,50,32,60,4 personnes,1h15,très facile,bon marché,ecoscore b
273,Fondue Savoyarde,/recettes/recette_fondue-savoyarde_21964.aspx,4.5/5,113 avis,https://assets.afcdn.com/recipe/20161130/59380_w225h225c1cx2808cy1872.jpg,plats au fromage,725,-1,47,56,1,6 personnes,1 h,facile,assez cher,ecoscore c
274,Croziflette,/recettes/recette_croziflette_165464.aspx,4.7/5,105 avis,https://assets.afcdn.com/recipe/20221010/135908_w225h225c1cx1139cy384cxt0cyt0cxb2121cyb1238.jpg,plats au fromage,981,166,52,54,72,4 personnes,50 min,facile,moyen,ecoscore c
275,Mont d'Or au four,/recettes/recette_mont-d-or-au-four_11287.aspx,4.8/5,118 avis,https://assets.afcdn.com/recipe/20220307/129750_w225h225c1cx347cy357cxt0cyt0cxb694cyb714.png,plats au fromage,369,0,25,29,0,4 personnes,30 min,très facile,moyen,ecoscore b
276,Poutine typiquement québécoise,/recettes/recette_poutine-typiquement-quebecoise_71199.aspx,3.6/5,19 avis,https://assets.afcdn.com/recipe/20200622/112177_w225h225c1cx1920cy2880cxt0cyt0cxb3840cyb5760.jpg,plats au fromage,82,-1,4,4,6,2 personnes,25 min,facile,bon marché,ecoscore a
277,Tartiflette facile,/recettes/recette_tartiflette-facile_15733.aspx,4.7/5,321 avis,https://assets.afcdn.com/recipe/20200408/109518_w225h225c1cx1486cy2142cxt0cyt0cxb2973cyb4284.jpg,plats au fromage,905,309,58,39,76,8 personnes,1 h,facile,moyen,ecoscore b
278,Truffade,/recettes/recette_truffade_33897.aspx,3.7/5,20 avis,https://assets.afcdn.com/recipe/20170609/68263_w225h225c1cx2896cy4344.jpg,plats au fromage,819,125,47,53,39,6 personnes,30 min,facile,moyen,ecoscore b
280,Raclette aux 8 fromages,/recettes/recette_raclette-aux-8-fromages_33074.aspx,5/5,20 avis,https://assets.afcdn.com/recipe/20120406/36294_w225h225c1cx192cy256.jpg,plats au fromage,0,0,0,0,0,6 personnes,50 min,très facile,moyen,ecoscore b
279,Raclette,/recettes/recette_raclette-suisse_13674.aspx,4.1/5,23 avis,https://assets.afcdn.com/recipe/20130627/2375_w225h225c1cx1250cy1875.jpg,plats au fromage,922,124,51,58,48,4 personnes,40 min,très facile,bon marché,ecoscore b
281,Restant de raclette,/recettes/recette_restant-de-raclette_82642.aspx,4.7/5,6 avis,https://assets.afcdn.com/recipe/20170321/34163_w225h225c1cx3680cy2456.jpg,plats au fromage,1165,-1,24,116,6,2 personnes,35 min,très facile,bon marché,ecoscore b
282,Camembert rôti au miel,/recettes/recette_camembert-roti-au-miel_45038.aspx,4.8/5,13 avis,https://assets.afcdn.com/recipe/20210917/122039_w225h225c1cx314cy473cxt0cyt0cxb600cyb900.jpg,plats au fromage,750,22,52,54,12,2 personnes,25 min,facile,bon marché,ecoscore b
283,Fondue de poireaux aux échalotes,/recettes/recette_fondue-de-poireaux-aux-echalotes_16294.aspx,4.6/5,42 avis,https://assets.afcdn.com/recipe/20150901/46474_w225h225c1cx1500cy2250.jpg,plats au fromage,270,9,5,22,14,4 personnes,45 min,très facile,bon marché,ecoscore b
285,Tartiflette (d'une vraie savoyarde),/recettes/recette_tartiflette-d-une-vraie-savoyarde_56814.aspx,4.7/5,22 avis,https://assets.afcdn.com/recipe/20230620/143616_w225h225c1cx960cy540cxt0cyt0cxb1920cyb1080.jpg,plats au fromage,854,124,56,44,59,4 personnes,1h30,moyenne,moyen,ecoscore b
284,Pomme de terre garnie façon raclette,/recettes/recette_pomme-de-terre-garnie-facon-raclette_346645.aspx,4.8/5,5 avis,https://assets.afcdn.com/recipe/20161207/12288_w225h225c1cx2000cy3000.jpg,plats au fromage,1122,-1,23,115,0,6 personnes,45 min,très facile,bon marché,ecoscore c
287,Welch,/recettes/recette_welch_371693.aspx,4.7/5,6 avis,https://assets.afcdn.com/recipe/20100101/recipe_default_img_placeholder_w225h225c1.jpg,plats au fromage,448,65,9,36,20,4 personnes,25 min,très facile,bon marché,ecoscore c
286,Véritable Fondue Suisse,/recettes/recette_veritable-fondue-suisse_24468.aspx,4.4/5,24 avis,https://assets.afcdn.com/recipe/20180927/82383_w225h225c1cx1060cy707cxt0cyt0cxb2118cyb1412.jpg,plats au fromage,331,-2,16,20,12,4 personnes,15 min,très facile,moyen,ecoscore c
288,Truffade (Auvergne - Cantal - 15),/recettes/recette_truffade-auvergne-cantal-15_27342.aspx,3.8/5,17 avis,https://assets.afcdn.com/recipe/20140419/33835_w225h225c1cx1296cy968.jpg,plats au fromage,787,311,34,44,62,8 personnes,45 min,facile,bon marché,ecoscore b
290,Truffade au Saint-Nectaire,/recettes/recette_truffade-au-saint-nectaire_10562.aspx,4.3/5,41 avis,https://assets.afcdn.com/recipe/20130524/18310_w225h225c1cx944cy750.jpg,plats au fromage,880,124,45,62,36,6 personnes,50 min,facile,moyen,ecoscore b
289,Croûte savoyarde ou croûte au fromage,/recettes/recette_croute-savoyarde-ou-croute-au-fromage_16914.aspx,4.7/5,6 avis,https://assets.afcdn.com/recipe/20171214/76028_w225h225c1cx2000cy3000cxt0cyt0cxb4000cyb6000.jpg,plats au fromage,674,63,22,53,20,4 personnes,30 min,facile,bon marché,ecoscore d
291,Fondue d'endives,/recettes/recette_fondue-d-endives_112805.aspx,4.7/5,19 avis,https://assets.afcdn.com/recipe/20161222/41664_w225h225c1cx360cy545.jpg,plats au fromage,340,2,3,34,6,4 personnes,10 min,facile,bon marché,ecoscore c
292,Raclette : la recette originale,/recettes/recette_raclette-recette-originale_13233.aspx,4.6/5,13 avis,https://assets.afcdn.com/recipe/20180108/76576_w225h225c1cx4344cy2896cxt0cyt0cxb8688cyb5792.jpg,plats au fromage,215,247,5,0,48,8 personnes,1h30,très facile,moyen,ecoscore a
293,Camembert à la braise,/recettes/recette_camembert-a-la-braise_14609.aspx,4.7/5,44 avis,https://assets.afcdn.com/recipe/20200519/111389_w225h225c1cx1815cy2900cxt0cyt0cxb3455cyb5184.jpg,plats au fromage,174,0,13,14,0,4 personnes,12 min,très facile,bon marché,ecoscore c
294,Tartiflette aux endives,/recettes/recette_tartiflette-aux-endives_21135.aspx,4.7/5,159 avis,https://assets.afcdn.com/recipe/20161117/3784_w225h225c1cx1920cy1920.jpg,plats au fromage,400,3,28,27,12,4 personnes,25 min,très facile,moyen,ecoscore c
295,Fondue de poireaux aux champignons,/recettes/recette_fondue-de-poireaux-aux-champignons_16078.aspx,4.5/5,70 avis,https://assets.afcdn.com/recipe/20130719/43749_w225h225c1cx1000cy1504.jpg,plats au fromage,46,2,5,1,5,3 personnes,35 min,facile,bon marché,ecoscore b
296,Fondue Suisse 'moitié-moitié',/recettes/recette_fondue-suisse-moitie-moitie_21329.aspx,3.8/5,4 avis,https://assets.afcdn.com/recipe/20170406/42207_w225h225c1cx2880cy1920.jpg,plats au fromage,530,-1,37,36,1,4 personnes,30 min,facile,moyen,ecoscore d
297,Tarniflette (ou tartiflette végétarienne),/recettes/recette_tarniflette-ou-tartiflette-vegetarienne_84840.aspx,5/5,10 avis,https://assets.afcdn.com/recipe/20170329/30703_w225h225c1cx1100cy1650.jpg,plats au fromage,424,-1,35,25,10,4 personnes,1h40,facile,moyen,ecoscore a
298,Tarte soleil au camembert rôti,/recettes/recette_tarte-soleil-au-camembert-roti_348713.aspx,4.9/5,21 avis,https://assets.afcdn.com/recipe/20171009/72887_w225h225c1cx3000cy2000cxt0cyt0cxb6000cyb4000.jpg,plats au fromage,3551,8,87,270,192,1 personnes,41 min,très facile,bon marché,ecoscore c
299,Pela savoyarde,/recettes/recette_pela-savoyarde_26135.aspx,4.3/5,4 avis,https://assets.afcdn.com/recipe/20100101/recipe_default_img_placeholder_w225h225c1.jpg,plats au fromage,673,124,41,30,60,4 personnes,1h05,facile,bon marché,ecoscore a
300,Pizza tartiflette,/recettes/recette_pizza-tartiflette_20898.aspx,4.8/5,59 avis,https://assets.afcdn.com/recipe/20210217/118011_w225h225c1cx1600cy1220cxt0cyt0cxb3200cyb2440.jpg,plats au fromage,602,-0,30,39,34,4 personnes,50 min,facile,moyen,ecoscore b
