id_recette,ingredient,quantity
1,carottes,2
1,oignon jaune,1
1,bouillon de légumes,1 cube
1,crème fraîche,1 petit pot
1,farine,2 cuillères à soupe
1,beurre doux,10 g
1,blanquette de veau,1 kg
1,champignon,1 petite boîte
1,bouillon de poule,1 cube
1,vin blanc,25 cl
1,jaunes d'oeuf,2
1,jus de citron,1 cuillère à café
1,sel et poivre,
2,quatre-épices,3 pincées
2,sel,15 g
2,poivre,1 pincée
2,foie,2
2,paprika,2 pincées
2,Sauternes,0.5 verre
3,carottes,2
3,oignons,2
3,romarin,1 brin
3,huile d'olive,1 cuillère à soupe
3,beurre,30 g
3,farine,
3,gros sel,
3,épaule,1.5 kg
3,bourgogne,1 bouteille
3,champignon,1 petite boîte
3,sauge,6 feuilles
3,bouquet garni,1
3,marc,1 cuillère à soupe
4,poivron rouge,1
4,poivron vert,1
4,oignon,1
4,coriandre,
4,cumin,1 cuillère à soupe
4,huile,
4,blancs de poulet,2
4,sucre en poudre,1 cuillère à soupe
4,citron,
4,ail,
4,sauce soja,
4,cannelle,1 cuillère à café
5,vin rouge,1 bouteille
5,sucre,100 g
5,maïzena,1 cuillère à café
5,miel,
5,poivre,
5,sel,
5,clous de girofle,2
5,Magrets de Canard,2
5,poires,2
5,sirop de cassis,10 cl
5,lait,10 cl
5,cannelle,
6,oignons,2
6,huile,
6,chevreuil,1
6,concentré de tomates,1 boîte
6,vin blanc sec,60 cl
6,madère,
7,vin rouge,50 cl
7,miel,2 cuillères à soupe
7,huile d'olive,
7,souris d'agneau,4
7,oignon,1
7,carotte,1
7,ail,2 gousses
7,romarin,1 branche
7,farine,1 cuillère à soupe
7,sel et poivre,
7,vin rouge,1 verre
7,beurre,
7,chou rouge,800 g
7,oignon rouge,1
7,vinaigre balsamique,5 cl
7,huile d'olive,
7,champignons de Paris,8
7,radis,8
7,pousses d'épinards,100 g
7,persil,1 botte
7,vinaigre balsamique,
7,fleur de sel,
8,clous de girofle,3
8,vin rouge,35 cl
8,huile d'olive,
8,beurre,
8,joue,1 kg
8,oignon,1
8,carotte,1
8,ail,1 gousse
8,coriandre en grains,5 g
8,bouquet garni,1
8,cidre,35 cl
8,farine,2 cuillères à soupe
8,cognac,3 cl
8,vinaigre de vin,
8,concentré de tomates,1 cuillère à soupe
8,sel et poivre,
8,beurre,50 g
8,topinambour,500 g
8,gros sel,
8,huile d'olive,5 cl
8,choux de bruxelles,4
8,carotte,1
8,carotte pourpre,1
8,radis,8
8,citron vert,1
8,orange,1
8,gingembre,5 g
8,piment d'Espelette,
8,cresson,1 botte
9,clous de girofle,3
9,vin rouge,75 cl
9,huile d'olive,
9,beurre,
9,chevreuil,1 kg
9,parures,300 g
9,oignon,1
9,carotte,1
9,ail,2 gousses
9,bouquet garni,1
9,farine,2 cuillères à soupe
9,cognac,3 cl
9,vinaigre de vin rouge affiné,
9,concentré de tomates,1 cuillère à soupe
9,sel et poivre,
9,topinambours,4
9,choux de bruxelles,6
9,thym citron,1 branche
9,violette,
9,beurre,50 g
9,carottes,4
9,ail des ours,8 feuilles
10,miel,100 g
10,beurre,50 g
10,carotte,500 g
10,cumin,
10,beurre,75 g
10,farine de sarrasin,330 g
10,eau,75 cl
10,oeuf,1
10,huile d'olive,100 cl
10,gigot d'agneau,2.5 kg
10,couenne,250 g
10,oignon,300 g
10,carotte,200 g
10,tomate,500 g
10,fond de veau,3 l
10,vin blanc,500 cl
10,cognac,100 cl
10,menthe,2 bouquets
10,sucrines,10
10,jus de cuisson,
10,beurre,100 g
10,oignon,500 g
10,agar-agar,
10,yaourt à la grecque,500 g
10,huile de pépin de raisin,250 cl
10,piment d'Espelette,
10,sel et poivre,
10,poivre blanc,
10,gros sel,
11,tomate,1 boîte de conserve
11,oignon,1
11,carotte,1
11,ail,1 gousse
11,basilic,
11,viande hachée,100 g
11,orzo,400 g
11,parmesan râpé,5 cuillères à soupe
11,sel et poivre,
12,beurre,1 noix
12,carré d'agneau,2
12,ail,2 gousses
12,sel et poivre,
12,graines de cardamone,5
12,beurre,50 g
12,parures,
12,échalotes,2
12,carotte,1
12,ail,2 gousses
12,fond blanc de cuisson,50 cl
12,poivre long,10 grains
12,sarriette,
12,muscade,
12,huile d'olive,
12,beurre,1 noix
12,pomme de terre,500 g
12,oeuf,1
12,fond de volaille,5 cl
12,pousses de moutarde rouge,
12,oignons rouges,2
12,ail,1 gousse
12,coriandre en grains,1 cuillère à café
12,poivre de sichuan,2 g
12,fenouil en grains,2 g
12,zeste de citron,1
12,poivre cubèbe ou à queue,
13,carottes,2
13,oignon jaune,1
13,crème fraîche,1 petit pot
13,farine,
13,sel,
13,poivre,
13,bouillon de légumes,1
13,blanquette de veau,1 kg
13,bouillon de poule,1
13,champignon,1 petite boîte
13,citron,
13,jaune d'oeuf,1
13,vin blanc,25 cl
14,oignons,2
14,tomates cerise,1 poignée
14,feuille de laurier,
14,sel,1 petite poignée
14,poivre,
14,poulet,1
14,ail,3 gousses
14,jus de citron,1 cl
14,bouillon de volaille,1
15,huile d'olive,2 cuillères à soupe
15,poivre,1
15,sel,1
15,thym,1
15,rôti de boeuf,400 g
15,ail,1 gousse
15,eau,12 cl
16,bouillon de légumes,1
16,crème fraîche,40 cl
16,moutarde,
16,huile d'olive,
16,beurre,
16,filet mignon,1
16,vin blanc sec,25 cl
16,champignon,500 g
17,beurre,25 g
17,poivre,
17,sel,
17,huile d'olive,1 filet
17,rôti de porc,1
17,ail,1 gousse
17,eau,5 cl
18,lardons,100 g
18,beurre,50 g
18,vin rouge,0.6666667 l
18,oignons,2
18,farine,2 cuillères à soupe
18,sel,
18,poivre,
18,boeuf,800 g
18,ail,1 gousse
18,bouquet garni,1
18,champignons de Paris,250 g
19,oignon,1
19,thym,1 cuillère à café
19,feuilles de laurier,2
19,clou de girofle,1
19,huile d'olive,1 cuillère à soupe
19,cuisses de poulet,4
19,eau,50 cl
19,ail,1 gousse
19,bouillon de volaille,1
19,genièvre,3
20,huile de tournesol,
20,sel,
20,poivre,
20,rôti de veau,1
20,ail,4 gousses
20,champignons de Paris,1 boîte
21,huile d'olive,1 cuillère à soupe
21,fond de veau,2 cuillères à soupe
21,moutarde de Dijon,1 cuillère à soupe
21,vinaigre balsamique,1 cuillère à soupe
21,paupiettes de veau,4
21,ail,1 gousse
21,vin blanc,12.5 cl
21,eau,12.5 cl
22,oignons,2
22,carottes,3
22,beurre,30 g
22,huile d'olive,2 cuillères à soupe
22,crème fraîche épaisse,20 cl
22,moutarde,2 cuillères à soupe
22,farine,2 cuillères à soupe
22,sauté de porc,1 kg
22,vin blanc,25 cl
22,eau,25 cl
23,romarin,2 branches
23,gros sel,1 cuillère à soupe
23,gigot d'agneau,1
23,ail,2 gousses
23,graisse d'oie,
23,ail,
24,côte de boeuf,1
24,huile,
24,fleur de sel,
24,poivre,
24,thym,5 brins
25,beurre,50 g
25,sel,
25,poivre,
25,poulet,1
25,herbes de Provence,
25,pommes de terre,20
26,huile,10 cl
26,tomates concassées,1 boîte de 400 g
26,carotte,200 g
26,oignon,100 g
26,farine,
26,poivre,
26,sel,
26,jarret de veau,4 tranches
26,ail,3 gousses
26,vin blanc sec,20 cl
26,bouquet garni,1
27,gros sel,1 pincée
27,Magrets de Canard,3
27,poivre en grains,
28,gingembre,1 cuill├©re ├Ā caf├®
28,curry,
28,oignons jaunes,2
28,escalopes de poulet,4
28,lait de coco,
28,champignons de Paris,
29,moutarde à l'ancienne,1 pot
29,beurre,50 g
29,huile d'olive,4 cuillères
29,thym,2 branches
29,sel,
29,poivre,
29,filets mignons,2
29,pomme de terre,2 kg
29,laurier,2 branches
30,oignon,1
30,huile d'olive,1 cuillĂ¨re Ă  soupe
30,curry,1 cuillĂ¨re Ă  cafĂŠ
30,crĂ¨me fraĂŽche ĂŠpaisse,10 cl
30,sel,
30,poivre,
30,filets de poulet,4
30,ail,
30,sauce soja,4 cuillĂ¨res Ă  soupe
30,ciboulette,4 brins
31,vinaigre d'alcool,20 cl
31,oignon,1
31,bouillons,2
31,thym,1 branche
31,feuilles de laurier,5
31,sel,
31,poivre,
31,beurre,50 g
31,oignon,1
31,farine,3 cuillères à soupe
31,langue,1
31,cornichons,100 g
31,patrelle,1 cuillère à café
32,tomate,1 kg
32,poivron,700 g
32,oignons,3
32,huile d'olive,6 cuillères à soupe
32,sel,
32,poivre,
32,poulet,1
32,ail,3 gousses
32,vin blanc,20 cl
32,bouquet garni,1
33,harissa,
33,huile d'olive,5 cl
33,fleur de sel,
33,poivre,
33,thym,
33,romarin,
33,épaule d'agneau,1.5 kg
33,échalotes,12
33,ail,8 gousses
34,huile d'olive,
34,fond de veau,
34,porc,1
34,pomme de terre,1 kg
35,oignon,1
35,saucisses de Morteau,2
35,saucisses de Montbéliard,3
35,huile d'olive,2 cuillères à soupe
35,poivre,
35,sel,
35,chou,1
35,pommes de terre,8
35,rôti de porc,1
35,lardons fumés,1 barquette
35,bouquets garnis,2
35,crème,20 cl
36,lardons,1 poignée
36,oignons,2
36,carottes,2
36,clous de girofle,2
36,bouillon,1
36,maïzena,2 cuillères à soupe
36,huile d'olive,2 cuillères à soupe
36,vin rouge,50 cl
36,joue,1.5
36,champignons de Paris,200 g
36,bouquet garni,1
36,ail,1 gousse
37,beurre,
37,huile,
37,oignons,2
37,lardons,250 g
37,miel,1 cuillère à soupe
37,bière,33 cl
37,poivre,
37,sel,
37,joue de porc,1 kg
38,thym,6 branches
38,huile d'olive,10 cuillères à soupe
38,miel,4 cuillères à soupe
38,poivre,
38,sel,
38,souris d'agneau,4
38,ail,1
39,lentilles corail,200 g
39,tomate,1
39,oignon,1
39,huile,
39,piment,1
39,curry,
39,poivre,
39,sel,
39,coriandre,
39,ail,2 gousses
39,"Riz, cÃĐrÃĐales",
40,beurre,25 g
40,feuilles de laurier,3
40,thym,
40,sel,
40,poivre,
40,rôti de porc,1
40,échalotes,3
40,ail,5 gousses
40,vin blanc,25 cl
40,eau,50 cl
41,beurre,20 g
41,boudin noir,250 g
41,pommes,3
41,citron,1
42,vinaigre,1 cuillû´re û  soupe
42,coriandre,1 cuillû´re û  cafûˋ
42,ûˋchalote,1
42,ail,4 gousses
42,ûˋpices û  colombo,1 cuillû´re û  soupe
42,oignon,1
42,aubergine,1
42,courgette,1
42,thym,3 cuillû´res û  soupe
42,persil,2 cuillû´res û  soupe
42,piment de Cayenne,1 cuillû´re û  soupe
42,poivre,
42,sel,
42,cuisses de poulet,4
42,ail,1 gousse
42,pommes de terre,3
42,ûˋpices û  colombo,2 cuillû´res û  soupe
42,jus de citron,
42,lait de coco,15 cl
1,aneth,4 brins
1,huile d'olive,
1,poivre,
1,saumon frais,4 pavés
1,lard,4 tranches fines
1,clémentines,4
1,ail,
1,citron,
2,poireaux,4
2,beurre,
2,moutarde à l'ancienne,
2,poivre,
2,sel,
2,muscade,
2,huile d'olive,
2,sole,4 filets
2,crème liquide,100 g
3,poivron rouge,1
3,poivron vert,1
3,poivron jaune,1
3,tomates,2
3,oignon,1
3,persil,1 bouquet
3,huile d'olive,1 cuillère à soupe
3,farine,4 cuillères à soupe
3,poivre,
3,sel,
3,merlan,4 filets
3,ail,1 petite gousse
3,crème liquide,25 cl
4,oignons,2
4,huile d'olive,
4,poivre,
4,sel,
4,safran,
4,poisson,1 kg
4,eau,2 l
4,concentré de tomates,1 cuillère à café
4,petit piment,1
4,pastis,1 cuillère à café
4,laurier,
4,fenouil,
5,gingembre,3
5,huile d'olive,4 cuillères à soupe
5,tomates cerise,16
5,coriandre,4 brins
5,poivre,
5,sel,
5,saumon,4 pavés
5,citrons verts,2
5,sauce soja,3 cuillères à soupe
6,carottes,2
6,poireau,1
6,beurre,25 g
6,daurade,2 filets
6,saumon,1 filet
6,bouillon de volaille,1
6,vin blanc,5 dl
6,estragon,
7,levure de boulanger sèche,2 cuillères à soupe
7,huile de tournesol,2 cuillères à soupe
7,sel,
7,farine,420 g
7,eau,250 ml
7,oeuf,1
7,farine,1 verre
7,bière,1 verre
7,oeufs,2
7,poivre,
7,sel,
7,vinaigre,1 cuillère à soupe
7,huile d'arachide,25 cl
7,jaunes d'oeuf,2
7,Fines herbes,
7,échalote,1
8,huile d'olive,
8,beurre,
8,pintades,4
8,sauge,4 feuilles
8,clémentine,1
8,sel et poivre,
8,Abats,1 kg
8,oignons,2
8,carotte,1
8,ail,2 gousses
8,sauge,5 feuilles
8,fond de volaille,80 cl
8,poivre de sichuan,10 grains
8,chou vert,1
8,pied-de-mouton,200 g
8,caprons,20
8,olives vertes,20
8,oignon,1
8,cerfeuil,0.5 botte
8,estragon,0.5 botte
8,shiso rouge,10 feuilles
9,églefin,4 filets
9,oignons rouges,2
9,poireau,1
9,céleri branche,2
9,carottes,2
9,huile de pépin de raisin,
9,sel et poivre,
9,crème fraîche épaisse,10 cl
9,jaunes d'oeuf,2
9,jus de citron,1
10,beurre,40 g
10,haddock,800 g
10,lait,50 cl
10,laurier,1 feuille
10,oeufs,4
10,riz basmati,250 g
10,persil,0.5
10,curry,1 cuillère à café
10,citron,1
10,sel gris,
10,poivre,
11,Longe de thon rouge,500 g
11,miso blanc,1 cuillère à soupe
11,eau,1 cuillère à soupe
11,huile de sésame toasté,2 cuillères à soupe
11,miel de fleurs,1 cuillère à café
11,tamari,2 cuillères à soupe
11,vinaigre de riz,2 cuillères à soupe
11,jaunes d'oeuf,4
11,citronnelle,1 batonnet
11,sauce soja,20 cl
11,eau,200 g
11,cèpes,130 g
11,shiitaké,130 g
11,sel de Guérande,13 g
11,Parmigiano Reggiano 24 mois d’affinage,60 g
11,pomme Granny Smith,0.5
11,huile d'olive,1 trait
11,choux de Bruxelles,8
11,fleur de sel,1 pincée
11,poivre du moulin,1 pincée
11,eau,1 l
11,Algue Kombu,10 g
11,bonite séchée,copeau
12,huile d'olive,
12,dorade,1
12,citron confit,1
12,romarin,2 branches
12,baies de poivre vert,1 cuillère à café
12,sel gris,
13,oignons,5
13,huile d'olive,
13,poivre,
13,sel,
13,saumon,2 pavés
13,citron,1
13,vin blanc,1 verre
13,câpres,
14,poivre,
14,huile d'olive,2 cuillères à soupe
14,sel,
14,lieu noir,1
15,tomates,3
15,oignon,1
15,thym,
15,huile d'olive,
15,sel,
15,poivre,
15,bar,1
15,citron,1
15,laurier,
15,vin blanc sec,0.5 verre
16,oignons,12
16,cognac,5 cl
16,beurre,20 g
16,huile d'arachide,2 cuillères à soupe
16,piment de Cayenne,1 pincée
16,sel,
16,poivre,
16,queue,1
16,tomates pelées,1 petite boîte
16,concentré de tomates,1 cuillère à soupe
16,échalotes,4
16,ail,1 gousse
16,vin blanc sec,20 cl
17,vinaigre,10 cl
17,feuille de laurier,1
17,thym,1 feuille
17,gros sel,
17,raies,4
17,poivre en grains,
17,beurre doux,60 g
17,persil,2 branches
17,beurre demi-sel,40 g
17,jus de citron,1 cuillère à café
17,câpres,2 cuillères à soupe
18,persil,1 bouquet
18,huile d'olive,
18,sel,
18,poivre,
18,morue,500 g
18,pomme de terre,500 g
18,ail,
19,moutarde de Dijon,1 grosse cuillère à soupe
19,persil,2 cuillères à soupe
19,huile d'olive,2 cuillères à soupe
19,sel,1 pincée
19,poivre,1
19,tomate,1
19,lieu noir,500 g
19,crème,5 cuillères à soupe
19,ciboulette,1 cuillère à soupe
20,farine,50 g
20,beurre,50 g
20,huile,2 cuillères à soupe
20,sel,
20,poivre,
20,soles,4
20,citron,1
21,farine,1 verre
21,bière,1 verre
21,oeufs,2
22,tomates cerise,20
22,aneth,4 brins
22,huile d'olive,
22,sel,
22,poivre,
22,saumon frais,4 pavés
22,champignons de Paris,20
22,ail,1 gousse
22,citron,1
23,oignon,1 demi
23,aneth,2 brins
23,poivre,2 tours de moulin
23,sel,2 pincées
23,huile d'olive,2 cuillères à soupe
23,poisson,250 g
23,légumes,200 g
23,citron,2 rondelles
24,oignon,1
24,sel,
24,huile d'olive,
24,beurre,2 cuillères à soupe
24,truite,2 filets
24,pommes de terre,3
24,ail,1
24,estragon,
24,basilic,
24,vin blanc,15 cl
25,poireaux,4
25,crème fraîche épaisse,20 cl
25,poivre,
25,sel,
25,huile,
25,curry,
25,saumon,4 pavés
26,tomates,10
26,oignons,8
26,poireaux,2
26,persil,10 brins
26,safran,1 cuillère à café
26,thym,8 brins
26,feuille de laurier,0.5
26,huile d'olive,25 cl
26,gros sel,0.75 cuillère à soupe
26,poivre,15 grains
26,orange,0.25
26,fenouil,2 bulbes
26,ail,2
26,lotte,600 g
26,rascasse,600 g
26,congre,600 g
26,saint-pierre,600 g
26,vive,600 g
26,grondin,600 g
26,cigale de mer,600 g
26,huile d'olive,20 cl
26,ail,8 gousses
26,petits piments,2
26,lait,25 cl
26,pain de mie,1 tranche
27,cube de bouillon,1
27,beurre,20 g
27,lieu noir,2 pavés
27,eau,20 cl
27,citron,
27,échalote,1
28,huile d'olive,
28,poivre,
28,sel,
28,truite,2 filets
28,citron,
28,crème,10 cl
29,oignons,2
29,tomates,4
29,poivre,
29,sel,
29,loup de mer,4 filets
30,carotte,1
30,oignon,1
30,tomates,2
30,persil,
30,thym,
30,gingembre,
30,piment fort,
30,huile d'olive,2 cuillères à soupe
30,sel,
30,daurade,
30,pommes de terre,2
30,paprika,
30,sauce soja,1 petite cuillère
30,jus de citron,
31,carottes,4
31,beurre,
31,poivre,
31,sel,
31,merlan,4 filets
31,champignons de Paris,250 g
31,échalotes,4
31,jus de citron,
32,cubes de bouillon,2
32,poireau,1
32,tomates,2
32,oignons,2
32,écorce d'orange,1
32,thym,
32,huile d'olive,2 cuillères à soupe
32,piment de Cayenne,
32,poivre,
32,poisson,500 g
32,crevettes,100 g
32,ail,2 gousses
32,fenouil,1 branche
32,céleri,1 branche
32,laurier,
33,oignon,
33,beurre,40 g
33,crème fraîche,10 cl
33,huile d'olive,
33,poivre,
33,sel,
33,queue,
33,échalote,
33,vin blanc,0.5 verre
33,citron,0.5
33,herbes de Provence,
34,pâte brisée,250 g
34,carotte,150 g
34,courgette,150 g
34,oignons,2
34,beurre,50 g
34,fromage râpé,60 g
34,cumin,1 pincée
34,coriandre,4 brins
34,sel,
34,poivre,
34,oeufs,3
34,lait,30 cl
35,huile d'olive,2 cuillères à soupe
35,saumon,4 pavés
35,fleur de sel,
35,poivre,
35,huile d'olive,2 cuillères à soupe
35,pommes de terre,6
35,roquette,50 g
35,échalotes,2
35,vinaigre de cidre,2 cuillères à soupe
35,moutarde,1 cuillère à soupe
36,oranges,3
36,courgettes,3
36,beurre,200 g
36,thym,6 brins
36,huile d'olive,3 cuillères à soupe
36,poivre,
36,sel,
36,saint-pierre,6 filets
36,échalotes,3
36,vin blanc,10 cl
36,crème liquide,15 cl
37,carottes,3
37,oignon,1
37,thym,
37,huile d'olive,2 cuillères à soupe
37,dorades,2
37,pommes de terre,4
37,laurier,
37,citrons,2
37,vin blanc sec,0.5 l
38,oignon,150 g
38,carotte,150 g
38,tomates,4
38,crème fraîche,50 g
38,huile,3 cuillères à soupe
38,poivre,
38,sel,
38,lotte,1.2 kg
38,bouquet garni,1
38,ail,2 gousses
38,vin blanc sec,10 cl
39,huile d'olive,1 cuillère à soupe
39,tomate,1
39,curry,2 pincées
39,sel,
39,crème fraîche épaisse,2 cuillères à soupe
39,colin,2 filets
39,poivre de Cayenne,
39,ail,1 gousse
39,eau,5 cl
39,feta,1
40,oignon,1
40,crème fraîche,20 cl
40,huile,
40,poivre,
40,sel,
40,saumon frais,2 pavés
40,vin blanc,20 cl
41,huile d'olive,
41,truite,2 filets
41,amandes effilées,80 g
41,crème liquide,20 cl
41,ail,
42,huile d'olive,
42,poivre,
42,sel,
42,saumon frais,4 pavés
42,estragon,
1,beurre,
1,fettucine,250 g
1,salade,
1,saumon fumé,6 tranches
1,noix de saint-jacques,16
1,crevette rose,
1,beurre,40 g
1,crème fraîche,200 g
1,aneth,
1,persil,
1,poivre,
1,sel,
1,citron,1
1,ciboulette,
1,basilic,
2,persil,3 cuillères à soupe
2,beurre,20 g
2,poivre,
2,coques,500 g
2,échalote,1
2,ail,2 gousses
2,vin blanc sec,10 cl
3,comté,150 g
3,crème fraîche épaisse,50 cl
3,miel,
3,poivre,
3,sel,
3,beurre,
3,noix de saint-jacques,800 g
3,vin blanc,10 cl
3,ail,1 gousse
3,chapelure,
4,gingembre,1 morceau
4,tomates,3
4,curcuma,2 pincées
4,thym,1 branche
4,sel,
4,piment,
4,huile,
4,crevettes,700 g
4,échalotes,5
4,ail,4 gousses
5,carotte,1
5,oignon,1
5,beurre,45 g
5,farine,50 g
5,gruyère râpé,100 g
5,persil,feuille
5,poivre,
5,sel,
5,noix de pétoncle,28
5,champignon,1
5,échalote,1
5,fumet,350 ml
5,vin blanc,1 verre
5,lait,150 ml
5,paprika,
6,noix,16
6,carotte,50 g
6,poireau,1
6,beurre,20 g
6,gingembre,0.5 cuillère à café
6,poivre,
6,sel,
6,lait,20 cl
6,céleri,50 g
6,fumet,50 cl
6,crème liquide,10 cl
6,ciboulette,0.5 botte
7,palourde,1.5 l
7,coques,1.5 l
7,vin blanc,1 verre
7,ail,4 gousses
7,persil,1 botte
7,beurre demi-sel,1 botte
7,sel,
8,beurre,75 g
8,crevettes,1 kg
8,maïs,2 épis
8,persil,0.5 botte
8,ail,1 gousse
8,cognac,0.5 verre
8,sel,
8,poivre,
9,vinaigre,1 dl
9,huile d'olive,5 cl
9,calamars,8
9,romarin,1 branche
9,oignons rouges,2
9,poivrons rouges,2
9,tomates,2
9,ail,3 gousses
9,gros sel,
9,piment d'Espelette,
9,paprika,
10,vinaigre,
10,homard,1
10,cognac,
10,concentré de tomates,1 cuillère à soupe
10,vin blanc,1 verre
10,fumet de poisson,
10,pomme de terre,1
10,petits pois,100 g
10,feuille de shiso,quelques
10,échalote,1
10,carotte,1
10,céleri,1 branche
10,fenouil,0.5
10,ail,1 gousse
11,poireau,1
11,carottes,2
11,huile d'olive,
11,courgette,1
11,champignons de Paris brun,6
11,salicorne,
11,chorizo,1
11,noix de saint-jacques,6
11,parmesan râpé,
12,huîtres,16
12,chair à saucisse,200 g
12,romarin,1 petite branche
12,poivre,1 cuillère à café
12,échalotes,2
12,vinaigre de vin,1 dl
13,beurre,30 g
13,farine,1 cuillère à café rase
13,persil,
13,sel,
13,poivre,
13,moules,4 l
13,échalotes,2
13,vin blanc sec,15 cl
14,crème fraîche,250 g
14,beurre,30 g
14,farine,1 cuillère à soupe
14,poivre,
14,sel,
14,coquille saint-jacques,500 g
14,vin blanc sec,0.25 l
14,échalotes,2
14,oeufs,2
14,citron,1 demi
14,chapelure,
15,piment,1
15,persil,1 bouquet
15,huile d'olive,6 cuillères à soupe
15,poivre,
15,sel,
15,crevettes,400 g
15,ail,4 gousses
16,tomates,2
16,oignon,1
16,crème fraîche,4 cuillères à soupe
16,persil,
16,sel,
16,poivre,
16,pâtes,500 g
16,crevettes,120 g
17,oignons,2
17,tomates concassées,2 boîtes
17,cognac,1 petit verre
17,huile d'olive,
17,poivre,
17,sel,
17,calamar,1 kg
17,ail,2 gousses
17,vin blanc,0.5 l
17,homard,cuillère à soupe
18,poivre,
18,sel,
18,noix de saint-jacques,8
18,beurre salé,1 noix
19,avocats,3
19,crevettes,45
19,citrons verts,2
19,fromage frais,6
19,crème,
19,ciboulette,
20,curry,1 cuillère à café
20,huile d'olive,2 cuillères à café
20,crevette rose,300 g
20,crème,2 cuillères à soupe
21,poireau,1
21,crème fraîche,3 cuillères à soupe
21,beurre,2 noisettes
21,sel,
21,poivre,
21,coquilles saint-jacques,8
22,moutarde,1 cuillère à soupe
22,crevettes,250 g
22,citrons,2
22,ail,1 cuillère à café
22,Fines herbes,2 cuillères à café
22,farine,200 g
22,sel,
22,huile,1 cuillère à soupe
22,levure,1 sachet
22,oeuf,1
22,eau,13 cl
23,oignon,1
23,beurre,100 g
23,farine,50 g
23,crème fraîche,50 cl
23,persil,
23,poivre,
23,moules,800 g
23,vin blanc sec,15 cl
23,ail,3 gousses
24,cognac,0.5 verre
24,huile d'olive,3 cuillères à soupe
24,crème fraîche,10 cl
24,oignon,1
24,persil,
24,gambas,24
24,coulis de tomate,15 cl
24,vin blanc,1 verre
24,échalote,1
24,ail,3 gousses
25,beurre,75 g
25,persil,1 branche
25,sel,1 pincée
25,poivre,1 pincée
25,oignon blanc,1
25,palourde,500 g
25,vin blanc sec,60 cl
26,oignon,1
26,persil,1 bouquet
26,huile d'olive,25 cl
26,huile,
26,fleur de sel,
26,poulpe,1 kg
26,ail,1 gousse
26,paprika,
27,beurre,20 g
27,oignons,2
27,persil,0.5 botte
27,moules,2 kg
27,vin blanc,25 cl
27,céleri,1 branche
28,poivre,
28,sel,
28,avocats,2
28,oeufs,2
28,mayonnaise au citron,30 cl
28,crevette bouquet,200 g
29,poivron rouge,1
29,tomates,4
29,oignon,1
29,tomate,
29,persil,
29,sucre,2 carrés
29,encornet,1 kg
29,vin blanc,1 verre
29,ail,
30,persil,
30,poivre,
30,curry,
30,épices,
30,beurre,
30,coques,2 kg
30,échalote,1
30,ail,
30,ciboulette,
31,poivron jaune,1
31,tomate,1
31,huile,
31,crevette rose,500 g
31,lait de coco,20 cl
31,citron vert,1
31,ail,1 gousse
31,Fines herbes,
32,curry,
32,oignons,2
32,crevettes,
32,lait de coco,
32,échalote,1
32,ail,2 gousses
32,noix de coco,
33,farine,400 g
33,huile d'olive,2 cuillères à soupe
33,levure,1 sachet
33,tomate,1 kg
33,oignons,2
33,huile d'olive,
33,romarin,
33,poivre,
33,sel,
33,calamar,1 kg
33,ail,3 gousses
33,jaune d'oeuf,1
34,poireaux,3
34,crème fraîche,50 cl
34,huile d'olive,2 cuillères à soupe
34,poivre,
34,sel,
34,piment de Cayenne,
34,beurre,25 g
34,noix de saint-jacques,12
34,vin blanc,50 cl
34,ail,3 gousses
34,échalotes,4
35,oignons,3
35,persil,
35,whisky,2 cl
35,ail,1 gousse
35,champignons de Paris,300 g
35,crevettes roses,20
35,noix de saint-jacques,400 g
35,margarine,
35,farine,2 cuillères à soupe
35,crème fraîche,20 cl
35,vin blanc,15 cl
36,beurre,
36,cognac,
36,poivre,
36,sel,
36,oignon,1
36,carottes,2
36,thym,
36,curry,1 pincée
36,cognac,
36,queue de langouste,1
36,concentré de tomates,1 petite boîte
36,tomates pelées,0.5 boîte
36,échalotes,2
36,ail,2 gousses
36,laurier,
36,vin blanc sec,40 cl
36,beurre,
36,poivre,
36,sel,
37,poivre,
37,sel,
37,bigorneau,
38,huile d'olive,3 cuillères à soupe
38,cognac,2 cuillères à soupe
38,poivre,
38,sel,
38,crevette rose,350 g
38,ail,3 gousses
38,paprika,1 cuillère à café
38,basilic,feuille
39,persil,
39,crème fraîche épaisse,50 cl
39,poivre,
39,sel,
39,moules,1.5 kg
39,échalotes,3
39,vin blanc sec,25 cl
39,roquefort,125 g
39,beurre demi-sel,
40,sel,
40,beurre,
40,poivre,
40,ormeau,
41,oignons,2
41,carottes,2
41,vermicelles de riz,250 g
41,gingembre,1 cuillère à café
41,champignons noirs,5
41,sel,
41,poivre,
41,blancs de poulet,3
41,crevette rose,200 g
41,germes de soja,300 g
41,feuilles de coriandre,6
41,viandox,2 cuillères à soupe
41,sauce soja,2 cuillères à soupe
41,feuilles de riz,12
41,carotte,1
41,sucre,1 cuillère à café
41,sauce pour nem,
41,ail,1 gousse
41,eau,
42,persil,
42,beurre,10 g
42,encornet,1 kg
42,ail,2 gousses
42,crème liquide,25 cl
1,courgettes,2
1,carottes,3
1,pois chiches,1 boîte moyenne
1,beurre,
1,huile d'olive,
1,cuisse de dinde,1
1,échalotes,6
1,fenouil,1 bulbe
1,dattes,12
1,semoule moyenne,200 g
1,sel,
1,cubes de bouillon,2
1,persil,3 cuillères à soupe
1,tabasco,
1,piment,2 cuillères à soupe
1,quatre-épices,2 cuillères à soupe
1,ail,1 cuillère à café
1,laurier,2 cuillères à café
2,quatre-épices,
2,huile d'olive,1 cuillère à soupe
2,poivrons verts,2
2,poivrons jaunes,2
2,poivrons rouges,2
2,haricots rouges,500 g
2,sucre de canne,0.5 cuillère à café
2,curry,0.5 cuillère à café
2,oignon,1 kg
2,curcuma,
2,bouillons,2
2,cumin,
2,piment de Cayenne,
2,ail,0.5
2,viande hachée,1 kg
2,paprika,
2,double concentré de tomates,70 g
2,coulis de tomate,500 g
2,maïs,285 g
3,sel,1 cuillère à soupe
3,sel,1 cuillère à soupe
3,origan,1 cuillère à café
3,poivre,0.5 cuillère à café
3,sucre fin,1 cuillère à café
3,coriandre,12 grains
3,poivre,8 grains
3,piment,5 grains
3,ail,1 cuillère à soupe
3,basilic,1 cuillère à café
3,cannelle,1 bâton
3,vin blanc,1 l
3,veau,250 g
4,muscade,l
4,poivre,
4,sel,
4,haricots secs,l
4,canard,3
4,épaule,l
4,collier d'agneau,400 g
4,collier d'agneau,400 g
4,collier d'agneau,300 g
4,porc,l
4,lard,100 g
4,ail,7 gousses
4,oignon rose,
5,poivron rouge,1 demi
5,piment,1
5,tabasco,goutte
5,oignon,1
5,poivre,
5,sel,
5,boeuf haché,650 g
5,cheddar,12 tranches
5,crème fraîche allégée,1 petit pot
5,concentré de tomates,1 petite boîte
5,tortillas,8
6,moutarde,
6,crème fraîche,
6,jambon,
6,tomate,
6,poivre,
6,sel,
6,pain de mie,
6,toastinette,
6,gruyère,
7,Skyr Danone du Monde,200 g
7,beurre,10 g
7,huile d'olive,1 cuillère à soupe
7,galettes de blé complet,4
7,pousses d'épinards,300 g
7,ail,2 gousses
7,boeuf haché,200 g
7,cumin,0.5 cuillère à café
7,piment,1 pincée
7,sel,1 pincée
7,poivre,1 pincée
8,huile d'olive,
8,filets d'agneau,3
8,gros sel de Camargue,400 g
8,farine,50 g
8,oeufs,2
8,romarin,1 branche
8,beurre,50 g
8,betterave rouge de taille moyenne,4
8,vinaigre de vin rouge affiné,2 cl
8,carcasse de filets d’agneau,
8,oignon,1
8,carotte,1
8,ail,3 gousses
8,sauge,1 branche
8,vin rouge du Languedoc,20 cl
8,sauge,12 feuilles
8,farine,100 g
8,oeuf,1
8,bière,11 cl
8,sel,1 pincée
8,piment d'Espelette,1 pincée
8,huile de friture,
9,huile d'olive,2 cuillères à soupe
9,daurades,2
9,citrons verts,2
9,orange,1 demi
9,gingembre,20 g
9,sel,
9,poivre du moulin,
9,piment d'Espelette,
9,fleurs de lavande officinale,1 cuillère à café
9,figues,4
9,cassis,40
9,lemon cress,1 pot
9,arêtes de daurade,2
9,échalotes,2
9,carotte,1
9,ail,1 gousse
9,thym,1 branche
9,vin blanc,3 cl
9,piment rouge,1
9,lait de coco,400 g
9,citron vert,1
9,oignon rouge,1
9,haricots verts,200 g
9,concombre,1 demi
9,carottes,2
9,fleurs de lavande officinale,1 cuillère à café
9,sel,
9,poivre,
10,huile d'olive,
10,daurade de Méditerranée de 1.5 kg,1
10,fenouil sauvage,1 branche
10,ail,1 gousse
10,beurre,60 g
10,fenouil,5
10,anis étoilé,2
10,ail,2 gousses
10,bouillon de poule,2 verres
10,échalotes,3
10,vin blanc,20 cl
10,citron,1
10,beurre demi-sel,200 g
10,estragon,1 demi
10,poivre de Sancho,10 grains
11,huile d'olive,1 trait
11,daurade,4 filets
11,sésame blond,100 g
11,poivre,1 pincée
11,sel,1 pincée
11,huile d'olive,
11,beurre,40 g
11,gros cèpes,7
11,cèpes séchés,100 g
11,ail,2 gousses
11,thym,1 branche
11,jus de citrons,1 trait
11,fleur de sel,1 pincée
11,poivre du moulin,1 pincée
11,graisse de canard,
11,beurre,40 g
11,artichauts camus,4
11,jus de citrons,1 trait
11,sel,
11,poivre du moulin,
11,piment d'Espelette,
11,huile d'olive,4 cuillères à soupe
11,tomates séchées,80 g
11,caprons,8
11,échalote,1
11,basilic,4 feuilles
11,vinaigre balsamique,4 cuillères à soupe
11,sel,
11,poivre du moulin,
12,huile d'olive,
12,oignon cébette,2 bottes
12,lard,12 tranches
12,pain,2 tranches
12,menthe,0.5 botte
12,citron,1
12,yaourt à la grecque,1 pot
12,sel gris,
12,poivre,
12,fleur de sel,
13,merguez,12
13,huile d'olive,
13,harissa,1 cuillère à café
13,cubes de bouillon,2
13,tomates,3
13,carottes,5
13,courgettes,2
13,pois chiches,400 g
13,pilons de poulet,8
13,concentré de tomates,2 boîtes
13,épices à couscous,3 cuillères à soupe
13,navets,10
14,tomates,4
14,oignons,4
14,thym,
14,poivre,
14,sel,
14,curcuma,1 cuillère à café
14,piment,1
14,huile d'olive,
14,saucisses,6
14,ail,6 gousses
14,laurier,
15,beurre,50 g
15,oignons,2
15,chili,1 cuillère à café
15,cumin en poudre,2 cuillères à café
15,haricots rouges,1 grosse boîte
15,bouillon de boeuf,30 cl
15,sel,
15,poivre,
15,persil,
15,ail,2 gousses
15,boeuf haché,500 g
15,concentré de tomates,65 g
16,purée,300 g
16,oignons,2
16,tomates,2
16,farine,1 cuillère à soupe
16,beurre,30 g
16,fromage râpé,50 g
16,sel,
16,poivre,
16,viande hachée,400 g
16,ail,2 gousses
16,herbes de Provence,1 pincée
16,jaune d'oeuf,1
16,Parmesan,30 g
17,jambon,12 tranches
17,beurre,45 g
17,farine,45 g
17,gruyère râpé,60 g
17,poivre,
17,sel,
17,endive,2 kg
17,crème,75 g
17,lait,30 cl
18,carottes,5
18,poireaux,2
18,oignon,1
18,clous de girofle,4
18,poivre,
18,sel,
18,boeuf,1 kg
18,os à moelle,
18,rave,4
18,céleri,2 branches
18,ail,1 gousse
18,bouquet garni,1
19,beurre tendre,50 g
19,jambon,4 tranches
19,gruyère râpé,100 g
19,muscade,1 pincée
19,poivre,
19,sel,
19,pain de mie,8 tranches
19,toastinette,8 tranches
19,lait,4 cuillères à soupe
20,oignon,400 g
20,lard fumé,250 g
20,pain d'épices,5 tranches
20,beurre,30 g
20,sel,
20,moutarde,3 cuillères à soupe
20,boeuf,1 kg
20,cassonade,1 cuillère à soupe
20,bouquet garni,1
20,bière brune,1 l
21,carotte,1
21,lentilles vertes,250 g
21,saucisses,4
21,oignon blanc,
21,lardons fumés,100 g
21,bouquet garni,1
22,lard fumé,350 g
22,feuille de laurier,1
22,oignon,1
22,choucroute,1 kg
22,palette,350 g
22,saindoux,1 cuillère à soupe
22,ail,2 gousses
22,genièvre,10 grains
22,riesling,25 cl
22,pomme de terre,350 g
22,saucisses de Strasbourg,4
23,courgette,0.5
23,tomate,1
23,carotte,1
23,oignon,1
23,huile d'olive,0.5 verre
23,cumin,
23,épices,
23,safran,
23,poivre,
23,sel,
23,selle d'agneau,2 morceaux
23,pommes de terre,4
23,olives vertes,
23,eau,0.5 verre
24,poivrons,2
24,riz,500 g
24,tomate,1 kg
24,oignons,2
24,safran,3 doses
24,huile d'olive,5 cuillères à soupe
24,poivre,
24,sel,
24,filet de poulet,1 kg
24,calamar,500 g
24,moules,1 l
24,crevettes,15
24,chorizo,1
24,ail,3 gousses
24,bouillon de volaille,1 l
25,farine de blé noir,330 g
25,gros sel,10 g
25,eau,75 cl
25,oeuf,1
26,thym,
26,poivre,
26,sel,
26,haricots coco,750 g
26,saucisson à l'ail,16 tranches
26,saucisses de Toulouse,8
26,poitrine de porc,4 tranches
26,poitrine de porc,4 tranches
26,confit de canard,2 boîtes
26,concentré de tomates,70 g
26,chapelure,
26,ail,
26,laurier,
27,oignons,2
27,citrons confits,2
27,gingembre,1 cuillère à café
27,curcuma,1 cuillère à café
27,cumin en poudre,1 cuillère à café
27,coriandre,4 cuillères à soupe
27,poivre,
27,sel,
27,poulet,1
27,ail,5 gousses
27,citron,1
27,olives vertes,400 g
27,huile d'argan,3 cuillères à soupe
27,eau,20 cl
28,lardons,200 g
28,oignons,2
28,crème fraîche épaisse,25 cl
28,courge spaghetti,1
28,Parmesan,100 g
29,aubergines,2
29,tomates,5
29,oignon,1
29,huile d'olive,
29,beurre,30 g
29,miel,1 cuillère à soupe
29,muscade,
29,poivre,
29,sel,
29,pommes de terre,6
29,boeuf haché,500 g
29,cannelle,1 petite cuillère
29,beurre,20 g
29,farine,3 cuillères à soupe
29,lait,35 cl
30,tomates,4
30,oignons,3
30,thym,
30,persil,
30,beurre,
30,poivre,
30,sel,
30,chair à saucisse,500 g
30,ail,2 gousses
31,reblochon,8 tranches
31,jambon cru,4 tranches
31,pommes de terre,4
31,saucisse de Morteau,1
31,pommes de terre,4
31,cancoillotte,4 cuillères à soupe
31,crème fraîche,4 cuillères à soupe
31,saumon fumé,4 tranches
31,emmental,100 g
31,comté,4 morceaux
31,camembert,4 tranches
31,bleu,4 morceaux
31,lardons,100 g
31,bûche de chèvre,8 tranches
31,gruyère râpé,100 g
31,jambon blanc,4 tranches
31,champignons de Paris,1 petite boîte
31,miel liquide,4 petites cuillères à soupe
31,escalope de poulet,1
31,pomme,1
31,tomates,4
31,mozzarella,2 boules
31,basilic,4 pincées
31,gruyère râpé,100 g
31,courgette,1
31,tomates,2
31,gruyère râpé,50 g
31,béchamel,8 cuillères à soupe
31,champignon,2 poignées
31,curry,4 pincées
31,crème fraîche,4 cuillères à soupe
31,escalope de poulet,1
31,oignons,2
31,poivrons,2
31,sauce salsa,1 petit bocal
31,escalope de poulet,1
31,crème fraîche,4 cuillères à soupe
31,noix de saint-jacques,12
31,Parmesan,4 cuillères à soupe
31,jambon blanc,4 tranches
31,cancoillotte,4 cuillères à soupe
31,bûche de chèvre,4 tranches
31,pommes de terre,4
32,huile,3 cuillères
32,sel,
32,vinaigre,2 cuillères
32,sucre roux,2 cuillères
32,piment,1 cuillère à café
32,oignons,2
32,pâtes,250 g
32,basilic,1 tasse
32,escalopes de poulet,3
32,paprika,1.5 cuillère
32,oeufs,3
32,ail,3 gousses
32,nuoc mam,2 cuillères
32,arachide,3 cuillères
32,germes de soja,175 g
32,menthe,feuille
33,beurre,100 g
33,farine,120 g
33,gruyère râpé,100 g
33,muscade,
33,oeufs,3
33,eau,20 cl
34,carottes,10
34,oignon,1
34,clous de girofle,20
34,saucisse de Morteau,1
34,navets,5
34,chou,1
34,bouquet garni,1
34,pommes de terre,8
34,poivre en grains,
34,graisse de canard,100 g
34,palette,1 kg
34,petit salé,1 kg
34,jambonneau,1
35,poivrons,3
35,oignons,2
35,poivre,
35,sel,
35,piment de Cayenne,
35,crème fraîche,5 cuillères à soupe
35,tomates,3
35,blanc de poulet,1 kg
35,citron,1
35,fajitas,15
35,guacamole,
35,salade,10 feuilles
36,piments,2
36,piments,4
36,oignons,2
36,poivre,
36,sel,
36,poulet,1
36,pâte d'arachide,1 pot
36,concentré de tomates,50 g
36,patates douces,4
36,pommes de terre,4
36,marrons,2 cuillères à café
36,ail,2 gousses
36,eau,1 l
37,sel,
37,huile,
37,poivre,
37,purée de tomate,20 cl
37,noix,2 cuillères à soupe
37,crème fraîche,125 g
37,persil,5 brins
37,feuille de laurier,1
37,thym,1
37,cornichons,3
37,ail,2 gousses
37,câpres,2 cuillères à soupe
37,céleri,3 cuillères à soupe
37,mayonnaise,250 g
37,citron,0.5
37,anchois,3 filets
37,olives,6
37,boeuf,1.2 kg
38,oignons,2
38,crème fraîche,2 cuillères à soupe
38,muscade,1 pincée
38,sel,
38,poivre,
38,cuisses de canard,4
38,échalotes,2
38,pommes de terre,10
38,lait,
38,eau,
39,vinaigre,0.5 bol
39,sucre,2 bols
39,eau,4 bols
39,nuoc mam,1 bol
39,poivre,
39,curry,1 cuillère à soupe
39,sel,
39,vermicelles de riz,1 sachet
39,boeuf,700 g
39,ail,1 gousse
39,sauce d'huître,3 cuillères à soupe
39,soja,3 cuillères
39,glutamate,1 cuillère à café
39,coriandre,
39,batavia,
39,soja,300 g
39,menthe,
39,arachide,
39,nems,8
40,tomates,2
40,haricots rouges,1 petite boîte
40,poivron vert,0.5
40,cumin en poudre,
40,poivre,
40,sel,
40,tabasco,
40,tortillas,8
40,oignon blanc,1
40,coulis de tomate,1 verre
40,boeuf haché,250 g
40,laitue,8 feuilles
41,carottes,3
41,oignons,3
41,sel,
41,chou,1
41,margarine,6 cuillères à café
41,persil,
41,poivre,
41,sel,
41,boeuf haché,200 g
41,haché de veau,200 g
41,biscottes,3
41,ail,
42,jambon blanc,4 tranches
42,moutarde à l'ancienne,4 cuillères à soupe
42,poivre,
42,cheddar,800 g
42,bière brune,25 cl
42,pain de campagne,1
42,oeufs,4
1,oignons,2
1,huile d'olive,4 cuillères à soupe
1,poivron rouge,1
1,poivre,
1,sel,
1,oeufs,12
1,ail,2 gousses
1,tomates pelées,4
2,tomates,3
2,persil,
2,beurre,50 g
2,gruyère râpé,60 g
2,poivre,
2,sel,
2,oeufs,7
2,ciboulette,
3,beurre,1 bonne cuillère à soupe
3,farine,2 cuillères à soupe
3,vinaigre,
3,poivre,
3,sel,
3,oseille,1 bouquet
3,échalotes,4
3,pommes de terre,4
3,bouillon de volaille,1
3,oeufs,4
3,pain de campagne,4 tranches
3,cerfeuil,1 petit bouquet
4,huile d'olive,
4,poivre,
4,sel,
4,oeufs,8
4,brocciu,250 g
4,menthe,1 bouquet
5,comté,150 g
5,huile,3 cuillères à soupe
5,beurre,45 g
5,poivre,
5,sel,
5,oeufs,12
5,pomme de terre,450 g
6,poivron vert,1
6,poivron jaune,1
6,lardons,250 g
6,huile,1 filet
6,sel,1 pincée
6,poivre,1 pincée
6,oignon blanc,1
6,pommes de terre,3
6,oeufs,4
6,herbes de Provence,1 pincée
7,huile d'olive,
7,oeufs,8
7,poivrons rouges,2
7,oignon jaune,1
7,ail,1 gousse
7,piment d'Espelette,
7,sel,
7,poivre,
8,courgettes rondes,2
8,crème fraîche,2 cuillères à soupe
8,lardons,1 paquet
8,oeufs,2
8,sel et poivre,
9,muscade,
9,pomme de terre,1 kg
9,oignon,1
9,oeufs,8
9,sel,
9,poivre,
9,huile,
10,sel,1 pincée
10,poivre,1 pincée
10,moutarde,0.5 cuillère à soupe
10,farine,50 g
10,viande hachée,250 g
10,ail,2 gousses
10,chapelure,50 g
10,oeufs,3
11,huile d'olive,
11,oignons,2
11,petits pois,500 g
11,épinards,500 g
11,haricots verts,300 g
11,brocoli,1
11,persil,6 tiges
11,mascarpone,2 cuillères à soupe
11,cumin en poudre,2 cuillères à café
11,oeufs,4
11,sel,
11,poivre,
12,comté,50 g
12,beurre,1 noisette
12,persil,0.5 botte
12,asperges vertes,4
12,sucre,1 cuillère à soupe
12,huile d'olive,
12,vinaigre de cidre,
12,fleur de sel,
12,oeufs,6
12,ciboulette,1 botte
12,roquette,120 g
12,champignons de Paris,3
12,basilic,5 g
12,verveine,5 g
12,noisettes,10 g
12,huile de pépin de raisin,1 trait
13,oeuf,1
13,eau,
14,poivre,
14,beurre,50 g
14,sel,
14,oeufs,7
15,beurre,60 g
15,poivre,
15,sel,
15,oeufs,12
15,lait,6 cuillères à soupe
16,oignon,0.5
16,huile,
16,poivre,
16,sel,
16,oeufs,5
16,pomme de terre,
16,herbes de Provence,
17,gros sel,1 pincée
17,oeuf,1
17,eau,4 cuillères à soupe
18,lardons,1 poignée
18,poivre,
18,sel,
18,huile,
18,oeufs,5
18,pommes de terre,2
19,asperge,
19,huile d'olive,
19,poivre,
19,sel,
19,oeufs,4
19,eau,0.5 verre
20,gruyère râpé,50 g
20,sel,1 pincée
20,poivre,1 pincée
20,oeufs,4
20,champignons de Paris,200 g
21,oignon,1
21,poivre,
21,sel,
21,pomme de terre,1 kg
21,oeufs,8
22,truffe,20 g
22,oeufs,4
23,persil,
23,poivre,
23,sel,
23,oeufs,6
23,girolles,2 poignées
23,ail,2 gousses
23,beurre demi-sel,
24,oignon,1
24,huile d'olive,
24,poivre,
24,sel,
24,oeufs,8
24,pommes de terre,3
25,oignon,0.5
25,poivron vert,0.5
25,huile d'olive,
25,sel,
25,pommes de terre,4
25,oeufs,5
26,oignon,1
26,poivre,
26,sel,
26,pommes de terre,6
26,oeufs,4
26,petits pois,1 petite boîte
26,chorizo,
26,herbes de Provence,1 pincée
27,oignon,1
27,poivron vert,1
27,poivre,
27,sel,
27,huile de tournesol,1 bouteille
27,oeufs,8
27,pommes de terre,10
27,chorizo,10 rondelles
27,ail,1 gousse
28,sel,
28,poivre,
28,jambon,2 tranches
28,oeufs,6
28,Parmesan,
28,toastinette,
29,oignons,2
29,tomates,3
29,huile d'olive,
29,poivre,
29,sel,
29,oeufs,8
29,crème fraîche liquide,10 cl
29,ciboulette,
30,lardons,100 g
30,oignons,2
30,moutarde à l'ancienne,1 cuillère à café
30,sel,
30,poivre,
30,persil,
30,huile d'olive,
30,oeufs,6
30,pommes de terre,3
30,crème semi-épaisse,10 cl
30,gruyère,
30,ail,
31,oignons,2
31,poivron rouge,1
31,curcuma,
31,sel,
31,poivre,
31,huile d'olive,
31,oeufs,3
32,poivron jaune,0.25
32,carotte,1
32,fromage blanc,2 cuillères à soupe
32,curry,1 pincée
32,persil,6 feuilles
32,tortillas,4
32,tarama,1 petite boîte
32,concombre,0.5
32,échalote,1
32,thon,1 petite boîte
32,basilic,6 feuilles
33,comté,100 g
33,sel,1 pincée
33,poivre,1 pincée
33,oeufs,6
33,citron,0.5
34,oignon,1
34,poivre,
34,sel,
34,oeufs,4
34,épinards,250 g
34,mozzarella,50 g
35,sucre,2 cuillères à soupe
35,huile de sésame,1 cuillère à soupe
35,oeufs,4
35,eau,1 cuillère à soupe
35,sauce soja,2 cuillères à soupe
35,vin blanc,3 cuillères à soupe
36,courgettes,2
36,fromage râpé,50 g
36,huile d'olive,
36,sel,
36,oeufs,3
36,ail,0.5 gousse
36,ciboulette,
37,sel,
37,farine de blé,100 g
37,farine de maïs,200 g
37,eau,25 cl
37,oignon,0.5
37,poivre,
37,sel,
37,cumin,
37,chili,
37,origan,
37,coriandre,
37,viande hachée,400 g
37,paprika,
37,eau,
37,tomates,4
37,poivron vert,0.5
37,oignon,0.25
37,sel,
37,cumin,
37,Ras el Hanout,
37,chili,
37,persil,
37,concombre,0.5
37,paprika,
37,ail,
37,tomates,2
37,oignon,0.5
37,sel,
37,comté,
37,crème fraîche,
37,concombre,0.5
37,salade,
38,crème fraîche,1 cuillère à soupe
38,sel,1 pincée
38,oeufs,2
39,huile,
39,poivre,
39,sel,
39,aillet,2 bottes
39,oeufs,12
40,purée de tomate,1 petite boîte
40,emmental,200 g
40,jambon,4 tranches
40,huile d'olive,2 cuillères à soupe
40,tortillas,2
40,olives,50 g
40,basilic,1 botte
41,saumon fumé,4 tranches
41,fromage frais,
41,ciboulette,
41,ail,
41,tortillas,8
42,farine,3 cuillères à soupe
42,oeufs,2
42,sucre en poudre,3 cuillères à soupe
42,lait,1 verre
1,lasagnes,6 feuilles
1,tomate,1
1,oignon,1
1,courgettes,2
1,poivre,
1,sel,
1,coulis de tomate,200 g
1,champignons de Paris,150 g
1,fromage de chèvre,100 g
1,mozzarella,50 g
1,basilic frais,2 cuillères à café
1,herbes de Provence,2 cuillères à café
2,crème fraîche,10 cl
2,coriandre,4 pincées
2,curry,2 pincées
2,sel,4 pincées
2,poivre,2 pincées
2,pommes de terre,6
2,champignons de Paris,10
2,margarine,5 g
2,échalote,1
3,oignon,1
3,sauce tomate,450 g
3,muscade,
3,lasagnes,6 plaques
3,champignons de Paris,500 g
3,ail,2 gousses
3,épinards,750 g
3,mascarpone,500 g
3,Parmesan,50 g
4,oignons,2
4,carottes,6
4,courgettes,4
4,tomates,3
4,poivron,1
4,huile d'olive,2 cuillères à soupe
4,poivre,
4,tabasco,goutte
4,ail,1 gousse
4,herbes de Provence,
4,épices à paella,
4,bouillon de poule,2
4,patate douce,
5,poireaux,2
5,carottes,2
5,huile d'olive,1 cuillère à café
5,curry,1 cuillère à café
5,cube de bouillon,0.25
5,poivre,
5,sel,
5,rutabaga,1
5,pommes de terre,2
5,crème végétale,
6,oignons,3
6,tomates concassées,2 boîtes
6,huile d'olive,
6,safran,1 dosette
6,saucisses,12
6,piment,1
6,tomate,1
6,oignon,0.25
6,haricots rouges,
6,riz basmati,
7,courgette,1
7,oignon,1
7,huile d'olive,
7,poulet,400 g
7,mozzarella,150 g
7,pulpe de tomate,1 boîte de conserve
7,ail,1 gousse
7,basilic,
7,citron,1 zeste
7,sel et poivre,
7,parmesan râpé,8 cuillères à soupe
8,piment,0.5 cuillère à café
8,farine,60 g
8,chou-fleur,1
8,paprika,1 cuillère à café
8,sel et poivre,
8,concentré de tomates,3 cuillères à soupe
8,eau,90 g
8,corn flakes,100 g
9,oignon,1
9,épices,3 cuillères à soupe
9,huile d'olive,1 cuillère à soupe
9,fromage blanc,2 cuillères à soupe
9,vinaigre de cidre,1 cuillère à café
9,fruits,200 g
9,pains pour hamburger,2
9,iceberg,2 poignées
9,chou rouge,15 g
9,sauce barbecue,3 cuillères à soupe
9,ketchup,2 cuillères à soupe
9,sel et poivre,
10,pois chiches,100 g
10,huile d'olive,
10,muscade,1 pincée
10,persil,1 bouquet
10,butternut,1
10,quinoa,120 g
10,canneberge,1 poignée
10,sel et poivre,
10,cannelle,1 pincée
10,noix de pécan,1 poignée
11,tomate,500 g
11,bouillon de légumes,2 l
11,oignon,
11,piment,1
11,huile d'olive,1 cuillère à soupe
11,protéine de soja,2 verres
11,sauce soja,4 cl
11,bouquet garni,
11,sel et poivre,
12,tomates cerise,8
12,tomates cerise,8
12,poivron jaune,1
12,courgette,1
12,tofu,200 g
12,oignons rouges,2
12,huile d'olive,4 cuillères à soupe
12,persil,1 bouquet
12,sel,
12,ail,1 gousse
12,baies roses,1 grosse pincée
12,citron,0.5
13,aubergines,4
13,huile d'olive,
13,poivre,
13,sel,
13,herbes de Provence,
14,beurre,1 noix
14,persil,3 brins
14,sel,2 pincées
14,poivre,2 tours de moulin
14,panais,6
14,huile de noix,1 cuillère à soupe
14,soja,2 cuillères à soupe
14,tamari,4 gouttes
15,lentilles corail,30 cl
15,tomates,5
15,carottes,4
15,curcuma,1 cuillère à soupe
15,cumin,0.5 cuillère à café
15,gingembre,0.5 cuillère à café
15,huile de tournesol,1 cuillère à soupe
15,lait de coco,25 cl
15,ail,1 gousse
15,concentré de tomates,1 cuillère à soupe
16,oignons,3
16,farine,3 cuillères à soupe
16,poivre,
16,sel,
16,huile,
16,pommes de terre,7
16,oeuf,1
17,lasagnes,10 plaques
17,courgettes,2
17,carottes,3
17,oignon,1
17,bouillon de légumes,
17,champignons de Paris,1 petite boîte
17,crème,1 pot
17,échalote,1
17,ail,1 gousse
17,toastinette,
18,tomates,6
18,courgettes,4
18,poivre,
18,sel,
18,lasagnes,
18,gruyère râpé,400 g
18,oignons,4
18,basilic frais,
18,herbes de Provence,
18,coulis de tomate,200 g
18,béchamel,50 cl
19,huile de tournesol,1 cuillère à soupe
19,oignons,2
19,pois chiches,800 g
19,tomate,450 g
19,sel,1 cuillère à café
19,chili,1 cuillère à café
19,curcuma,1 cuillère à café
19,cumin,1 cuillère à soupe
19,coriandre,1 cuillère à soupe
19,ail,4 gousses
19,pâte de curry,2 cuillères à soupe
19,paprika,1 cuillère à café
19,massala,1 cuillère à café
19,"Riz, céréales",
20,poivre,
20,sel,
20,vinaigre balsamique,1 trait
20,huile d'olive,
20,pomme de terre,600 g
20,pois gourmands,200 g
21,aubergine,1 kg
21,tomates concassées,800 g
21,huile d'olive,
21,vin rouge,10 cl
21,poivre,
21,sel,
21,gros sel,
21,concentré de tomates,2 cuillères à soupe
21,mozzarella,250 g
21,ail,2 gousses
21,Parmesan,
21,eau,10 cl
22,farine,2 cuillères à soupe
22,oignons,2
22,huile,
22,pommes de terre,6
22,oeuf,1
22,ciboulette,1 botte
23,huile,
23,oignon,1
23,blé,
23,sauce soja,
23,kombu,10
24,carotte,400 g
24,courgettes,2
24,cumin,0.5 cuillÃĻre Ã  soupe
24,poivre,
24,sel,
24,patate douce,1
24,ÃĐchalotes,3
24,ail,3 gousses
24,crÃĻme de coco,30 cl
24,pÃĒte de curry,50 g
24,concentrÃĐ de tomates,2 cuillÃĻres Ã  soupe
24,citron vert,
24,petit piment,1
24,basilic,feuille
25,carotte,1
25,poivron rouge,0.5
25,oignon,1
25,poireau,1
25,persil,
25,beurre,
25,poivre,
25,sel,
25,haricot,1
25,pommes de terre,2
25,ail,2 gousses
25,chou de bruxelles,1 poignée
26,lentilles corail,200 g
26,oignon,1
26,carotte,morceau
26,curry,2 cuillères à café
26,cumin,2 pincées
26,gingembre,1 cuillère à café
26,tomate,1
26,sel,
26,haricots verts,
26,ail,3 petites gousses
26,lait de coco,1 brique
27,aubergine,1
27,sauce bolognaise,20 cl
27,parmesan râpé,75 g
28,tomate,1
28,huile d'olive,1 cuillère à soupe
28,sel,
28,poivre,
28,avocats,2
28,ail,1 gousse
28,pains pour hamburger,2
28,concombre,0.5
28,radis,0.5 botte
28,steaks de soja,2
28,mâche,100 g
29,oignons,2
29,farine,1 cuillère
29,sel,
29,épices,
29,persil,
29,pommes de terre,6
29,oeuf,1
30,oignon,1
30,carotte,1
30,huile d'olive,2 cuillères à soupe
30,cumin,1 cuillère à café
30,comté,60 g
30,sel,1 pincée
30,poivre,1 pincée
30,lentilles vertes,250 g
30,ail,1 gousse
30,concentré de tomates,1 cuillère à soupe
30,oeuf,1
30,chapelure,60 g
30,salade,feuille
30,pains pour hamburger,4
30,ketchup,2 cuillères à soupe
30,mayonnaise,2 cuillères à soupe
31,vinaigre balsamique,2 cuillères à soupe
31,sucre roux,50 g
31,huile de sésame,1 cuillère à soupe
31,huile d'olive,2 cuillères à soupe
31,tempeh,250 g
31,sauce soja,3 cuillères à soupe
31,jus de citron,1 tasse (5 cl)
32,farine,2 cuillères à soupe
32,muscade,1 pincée
32,chou-fleur,1
32,oeufs,2
32,chapelure,300 g
32,parmesan râpé,50 g
32,sel et poivre,
33,aubergines,3
33,tomate,500 g
33,oignon,1
33,origan,
33,poivre,
33,sel,
33,farine,
33,huile d'olive,
33,mozzarella,2 paquets
33,Parmesan,
33,ail,2 gousses
34,curry,1 cuillère à café
34,sel,1 pincée
34,poivre,1 pincée
34,huile d'olive,1 cuillère à café
34,beurre,10 g
34,aiguillette de poulet,250 g
34,patates douces,3
34,crème semi-épaisse,15 cl
34,paprika,1 cuillère à café
35,beurre,30 g
35,persil,
35,muscade,
35,chou-fleur,0.5
35,oeufs,2
35,sel et poivre,
36,safran,1 cuillère à café
36,farine,100 g
36,huile,
36,persil,
36,sel,
36,poivre,
36,pommes de terre,4
36,oeufs,3
36,ail,2 gousses
37,carottes,2
37,oignon,1
37,haricots rouges,260 g
37,huile d'olive,1 cuillère à soupe
37,persil,1 botte
37,thym,branche
37,sel,
37,poivre,
37,pommes de terre,8
37,lardons fumés,200 g
38,aubergines,3
38,oignon,1
38,curry,1 cuillère à café
38,cumin,1 cuillère à café
38,sel,
38,huile d'olive,3 cuillères à soupe
38,tomates pelées,250 g
38,lait de coco,5 cuillères à soupe
38,cannelle,1
39,tomates,2
39,aubergine,1
39,oignon,1
39,gingembre,3
39,cardamome,3
39,sel,2 pincées
39,huile d'olive,1 cuillère à soupe
39,ail,2 gousses
39,oeufs,3
39,combava,1 pincée
40,courgette,500 g
40,oignon,1
40,sel,1 pincée
40,piment d'Espelette,1 pincée
40,patate douce,500 g
40,matière grasse,2 cuillères à soupe
41,courgette,1
41,poivron,1
41,huile d'olive,
41,sel,
41,poivre,
41,cumin,
41,lardons,
41,oignon blanc,1
41,champignons de Paris,
41,pomme de terre,
42,oignon,1
42,farine,2 cuillères à soupe
42,épices,
42,petits pois,1 petite boîte
42,maïs,1 petite boîte
42,oeuf,1
42,chapelure,
42,salade,4 feuilles
42,toastinette,4 tranches
42,mayonnaise,
42,pains pour hamburger,4
42,cornichons,
1,huile de sésame,
1,gingembre,lamelle
1,nouilles chinoises,400 g
1,ciboule,20 g
1,échalotes,3
1,citronnelle,0.5 bâton
1,oeufs,2
1,carotte,
1,champignon noir,
1,poivron rouge,
1,mini mais,
1,haricot mange-tout,
1,germes de soja,
1,soja,dé
1,légumes,
1,purée de piment,
1,sauce soja,3 cuillères à soupe
1,sauce d'huître,2 cuillères à soupe
2,oignons,2
2,poivron rouge,1
2,sel,
2,poivre,
2,thym,
2,lasagnes,500 g
2,poivron jaune,1
2,aubergines,2
2,tomates,2
2,courgette,1
2,carottes,4
2,ail,2 gousses
2,basilic,
2,herbes de Provence,
2,Parmesan,60 g
2,mozzarella,250 g
2,tomates pelées,1 grosse boîte
2,farine,25 g
2,beurre,25 g
2,sel,
2,poivre,
2,muscade,1 pincée
2,lait,25 cl
3,lasagnes,12 plaques
3,tomates concassées,1 boîte
3,courgettes,3
3,oignon,1
3,curry,
3,poivre,
3,sel,
3,sauce piquante,
3,champignons de Paris,1 boîte
3,fromage de chèvre,1 bûche
3,Parmesan,
3,lait de coco,
3,paprika,
4,poivre,
4,tagliatelles,250 g
4,pancetta,180 g
4,jaunes d'oeuf,4
4,pecorino,85 g
5,courgette,1
5,poireau,1
5,oignon,1
5,lardons,100 g
5,huile d'olive,
5,poivre,
5,sel,
5,tomates séchées,4
5,chou romanesco,0.5
5,crème allégée,3 cuillères à soupe
5,Pipe Rigate,250 g
6,lardons,100 g
6,poireau,1
6,crème fraîche,25 cl
6,muscade,1 pincée
6,pâtes,200 g
6,girofle,4
7,courgettes,2
7,huile d'olive,3 cuillères à soupe
7,sel,
7,poivre,
7,spaghetti,500 g
7,oignon rouge,1
7,citron,1
8,tomates cerise,30
8,huile d'olive,3 cuillères à soupe
8,sel,
8,poivre,
8,spaghetti,500 g
8,échine de porc,400 g
8,oignons rouges,2
8,ciboulette,2 cuillères à soupe
9,poivre,1 cuillère à café rase
9,gingembre,1 petit morceau
9,carotte,1
9,nouilles aux oeufs,4
9,échalote,1
9,sauce soja,2 cuillères à soupe
9,ail,3 gousses
9,citron vert,1
9,petits pois,100 g
9,champignons,5
9,oignons nouveaux,2
9,nuoc mam,1 cuillère à soupe
9,pousses de soja,1 poignée
10,huile d'olive,1 filet
10,Okay sans tube®,1
10,beurre,1 noix
10,champignon,350 g
10,riz pour risotto,200 g
10,bouillon de légumes,1 l
10,vin blanc sec,15 cl
10,parmesan râpé,80 g
10,ail,1 gousse
10,oignon,1
10,sel et poivre,
11,beurre,50 g
11,macaroni,500 g
11,brocoli,1
11,gorgonzola,200 g
11,cerneau de noix,75 g
11,gros sel,
11,poivre,
12,tomates concassées,250 g
12,Parmigiano Reggiano,100 g
12,huile d'olive,1 filet
12,sel,
12,poivre,
12,pâtes,500 g
12,mozzarella,2 boules
12,olives noires,50 g
13,lasagnes,1 paquet
13,oignons jaunes,3
13,beurre,125 g
13,farine,100 g
13,poivre,
13,sel,
13,fromage râpé,70 g
13,muscade,3 pincées
13,thym,
13,feuilles de laurier,2
13,vin rouge,20 cl
13,purée de tomate,800 g
13,carotte,1
13,basilic,
13,eau,15 cl
13,Parmesan,125 g
13,boeuf haché,600 g
13,céleri,1 branche
13,ail,2 gousses
13,lait,1 l
14,huile d'olive,1 cuillère à soupe
14,poivre,6 pincées
14,sel,3 pincées
14,jaunes d'oeuf,6
14,pancetta,500 g
14,Parmesan,50 g
14,pâtes,300 g
15,riz,200 g
15,huile d'olive,1 filet
15,beurre,1 noix
15,bouillon de légumes,1
15,oignon,1
15,persil,2 brins
15,sel,1 pincée
15,poivre,1 pincée
15,champignon,250 g
15,vin blanc sec,20 cl
15,Parmesan,1 cuillère à soupe
15,ail,1 gousse
15,échalote,1
16,riz,200 g
16,oignons,2
16,huile,2 cuillères à soupe
16,jambon,75 g
16,oeufs,2
16,crevettes,50 g
16,petits pois,3 cuillères à soupe
17,farine,250 g
17,sel,
17,poivre,
17,muscade,1 pincée
17,beurre,1 noisette
17,pomme de terre,500 g
17,jaune d'oeuf,1
18,crème fraîche,35 cl
18,beurre,1 noix
18,poivre,
18,sel,
18,muscade,
18,tagliatelles fraîches,500 g
18,saumon frais,1 filet
18,parmesan râpé,
19,lardons,100 g
19,crème fraîche,3 cuillères à soupe
19,gruyère râpé,
19,poivre,
19,sel,
19,tomate,1
19,coquillettes,200 g
19,champignons de Paris,2
20,huile d'olive,2 cuillères à soupe
20,oignon,1
20,poivre,
20,sel,
20,sauce tomate,
20,ail,1 gousse
20,oeufs,2
20,canneloni,1 boîte
20,viande hachée,350 g
20,chair à saucisse,150 g
20,mozzarella,125 g
21,oignon,1
21,poireau,0.5
21,carotte,1
21,courgettes,2
21,poivron rouge,1
21,huile,3 cuillères à soupe
21,champignons de Paris,250 g
21,nouilles chinoises,1 paquet
21,mélange 5 épices,1 cuillère à café
21,sauce soja,3 cuillères
22,oignon,1
22,carotte,1
22,tomate,850 g
22,vin rouge,37.5 ml
22,bouillon,50 cl
22,persil,
22,sucre,1 cuillère à café
22,huile,2 cuillères à soupe
22,spaghetti,500 g
22,ail,2 gousses
22,céleri,1 branche
22,boeuf haché,500 g
23,farine de blé,300 g
23,farine de blé,100 g
23,sel,
23,oeufs,4
24,lasagnes,1 boîte
24,poivre,
24,sel,
24,saumon fumé,300 g
24,épinards,500 g
24,Parmesan,
24,crème fraîche liquide,50 cl
25,pâtes à lasagnes,
25,sauce bolognaise,600 g
25,oignon,1
25,gruyère râpé,100 g
25,viande hachée,350 g
25,beurre,125 g
25,farine,2 grosses cuillères à soupe
25,lait,0.5 l
26,huile d'olive,2 cuillères à soupe
26,oignon,1
26,persil,brin
26,filets de poulet,4
26,sauce soja,4 cuillères à soupe
26,sucre,2 cuillères à café
26,nouilles chinoises,1 paquet
26,sauce soja,4 cuillères à soupe
26,nuoc mam,2 cuillères à soupe
26,julienne de légumes,500 g
27,oignons,2
27,poivron,1
27,huile,3 cuillères à soupe
27,poivre,
27,sel,
27,riz long,250 g
27,crevettes,300 g
27,ail,1 gousse
28,oignon,1
28,crème fraîche,1 verre
28,gruyère râpé,
28,poivre,
28,sel,
28,pâtes,400 g
28,thon,
28,concentré de tomates,1 petite boîte
29,huile d'olive,1 cuillère à soupe
29,crème fraîche épaisse,250 ml
29,moutarde de Dijon,1 cuillère à café
29,poivre,
29,sel,
29,tagliatelles,400 g
29,saumon fumé,100 g
29,ail,1 gousse
29,ciboulette,0.25 tasse
29,citron,1
29,Parmesan,2 cuillères à soupe
30,beurre,20 g
30,farine,20 g
30,sel,
30,poivre,
30,macaroni,300 g
30,lait,40 cl
30,cheddar,150 g
31,beurre,90 g
31,persil,
31,piment,1
31,Parmesan,90 g
31,crème fraîche liquide,15 cl
31,tagliatelles,350 g
32,beurre,30 g
32,farine,15 g
32,aneth,1 cuillère à soupe
32,oignons,2
32,gruyère râpé,
32,lasagnes,1 paquet
32,poivre,
32,sel,
32,saumon,500 g
32,lait,75 cl
32,ail,2 gousses
33,lasagnes,1 boîte
33,gruyère râpé,200 g
33,poivre,
33,sel,
33,épinards,420 g
33,ricotta,250 g
33,beurre,50 g
33,farine,2 cuillères à soupe
33,lait,0.5 l
34,nouilles chinoises,1 paquet
34,crevettes,12
34,carottes,2
34,courgette,1
34,sauce soja,
34,huile d'olive,
34,sucre,2 cuillères à soupe
34,oignon,1
34,poivre,
35,gingembre,1 cuillère à café
35,sucre roux,1 cuillère à soupe
35,huile d'arachide,2 cuillères à soupe
35,poivron vert,1
35,poireau,1
35,filet de poulet,200 g
35,nouilles de riz,200 g
35,sauce soja,4.5 cl
35,nuoc mam,4.5 cl
35,ail,2 gousses
35,échalote,1
35,germes de soja,30 g
36,farine,400 g
36,moutarde,0.5 verre
36,oeufs,4
37,crème fraîche,3 cuillères à soupe
37,Fruits de mer,500 g
37,persil,1 bouquet
37,piment de Cayenne,1
37,pâtes,500 g
37,échalote,1
37,ail,1 gousse
37,vin blanc,20 cl
37,parmesan râpé,50 g
37,court-bouillon,1
37,crevettes,200 g
38,oignons,2
38,thym,
38,aneth,
38,poivre,
38,sel,
38,spaghetti,1 paquet
38,crevettes,1 kg
38,herbes de Provence,
38,ail,
38,crème épaisse,40 cl
38,vin blanc sec,0.25 l
38,boursin,1 cuillère à soupe
39,poireaux,3
39,carottes,3
39,courgette,1
39,poivron rouge,1
39,huile d'olive,
39,poivre,
39,sel,
39,champignons de Paris,250 g
39,soja,
39,scampi,500 g
39,filet de poulet,250 g
39,porc,250 g
39,boeuf,filet
39,nouilles,250 g
39,sauce soja,
40,riz,
40,crème fraîche,20 cl
40,oignon,1
40,sel,
40,poivre,
40,escalopes de poulet,3
40,concentré de tomates,0.5
40,basilic,
41,riz,4 verres
41,cubes de bouillon,2
41,huile d'olive,3 cuillères à soupe
41,poivre,
41,sel,
41,crème épaisse,3 cuillères à soupe
41,échalotes,3
41,parmesan râpé,1 petit sachet
41,chorizo,10 tranches
41,paprika,pincée
42,beurre,40 g
42,gruyère râpé,60 g
42,jambon blanc,4 tranches
42,crème fraîche épaisse,20 cl
42,sel,
42,macaroni,500 g
1,poivre,
1,huile d'olive,
1,sel,
1,fenouil,1 kg
2,huile,1 cuillère à soupe
2,poivre,
2,sel,
2,munster,1
2,pommes de terre,8
2,vin blanc,1 bouteille
3,reblochon,500 g
3,crème fraîche,10 cl
3,oignons,4
3,lardons,200 g
3,huile d'olive,
3,pomme de terre,1 kg
4,lardons,150 g
4,camembert,1
4,oeuf,1
4,chapelure,
4,laitue,1
4,vinaigrette,
5,reblochon,0.25
5,crème fraîche épaisse,5 cl
5,huile de tournesol,
5,sel,
5,poivre,
5,butternut,1
5,lardons fumés,100 g
6,pâte feuilletée,1
6,oignon,1
6,poivre,
6,sel,
6,pommes de terre,4
6,charcuteries,5 tranches
6,raclette,5 tranches
6,crème semi-épaisse,10 cl
7,miel liquide,1 cuillère à café
7,thym,1 pincée
7,beurre,1 noix
7,camembert,1
7,pommes,2
8,pâte feuilletée,1
8,jaune d'oeuf,1
8,gaperon,1
8,jambon cru,4 tranches
9,Gorgonzola Dulce,200 g
9,beurre,30 g
9,pain de mie,4 tranches
9,jambon de volaille,4 tranches
9,poivre,
9,noix,
9,herbes,
9,beurre,30 g
9,muscade,
9,lait,250 ml
9,farine,25 g
10,beurre,1 noix
10,croissants,4
10,jambon blanc,8 fines tranches
10,champignons de Paris,200 g
10,comté,120 g
10,crème liquide,10 cl
10,échalote,1
10,poivre,
10,mesclun,100 g
11,Comté AOP U Saveurs,400 g
11,Emmental Savoie IGP U Saveurs,250 g
11,beaufort,400 g
11,vin blanc sec,35 cl
11,fécule de maïs,1 cuillère à café
11,kirsch,1 petit verre
11,ail,1 gousse
11,poivre,1 pincée
12,Pommes de terre vapeur-rissolées U Bio,10
12,reblochon,0.5
12,lard,1 morceau
12,oignons,3
12,vin blanc sec,1
13,oignon,200 g
13,reblochon,1
13,huile,2 cuillères à soupe
13,sel,
13,poivre,
13,pomme de terre,1 kg
13,lardons fumés,200 g
13,ail,1 gousse
14,poireau,600 g
14,beurre,30 g
14,moutarde de Dijon,1 cuillère à soupe
14,crème fraîche,2 cuillères à soupe
14,sel,
14,poivre,
14,jus de citron,2 cuillères à soupe
15,comté,400 g
15,beaufort,400 g
15,emmental,200 g
15,muscade,1 cuillère à café
15,maïzena,1 cuillère à café
15,Liqueur,1 verre
15,poivre,1 pincée
15,vin blanc sec,30 cl
15,ail,1 gousse
15,oeuf,1
16,lardons,200 g
16,crème fraîche,20 cl
16,oignon,1
16,reblochon,1
16,poivre,
16,sel,
16,crozet,300 g
17,mont d'or,1
17,vin blanc,5 cl
18,pommes de terre,5
18,sauce barbecue,50 g
18,gouda,30 g
19,reblochons,2
19,oignons,7
19,sel,
19,poivre,
19,pomme de terre,2.5 kg
19,vin blanc,20 cl
19,crème fleurette,30 cl
19,lardons fumés,500 g
20,crème fraîche,3 cuillères à soupe
20,pomme de terre,1 kg
20,tomme,500 g
20,cantal,500 g
20,lardons fumés,200 g
20,ail,2 gousses
21,poivre,
21,piment,
21,paprika,
21,cornichons,
21,oignon au vinaigre,
21,maïs,
21,charcuteries,
21,fromage à raclette,800 g
21,pomme de terre,1 kg
22,reblochon,
22,pomme de terre,
22,salade,
22,charcuteries,
22,raclette,
22,saint-nectaire,
22,fourme d'ambert,
22,picodon,
23,jambon,2 tranches
23,crème fraîche,40 cl
23,gruyère râpé,100 g
23,beurre,noisette
23,poivre,
23,sel,
23,pommes de terre,4
23,fromage à raclette,6 tranches
23,chapelure,1
24,miel,3 cuillères à soupe
24,vinaigre balsamique,
24,camemberts,2
24,pains de campagne,2
24,mâche,2 poignées
24,genièvre,
25,poireau,1.5 kg
25,beurre,100 g
25,poivre,
25,sel,
25,échalote,1
26,poivre,
26,sel,
26,pommes de terre,6
26,fromage à raclette,200 g
26,poitrine fumée,18 tranches
27,crème fraîche,20 cl
27,reblochon,1
27,pomme de terre,1 kg
27,lardons fumés,300 g
27,échalotes,4
28,fécule de maïs,3 cuillères à café
28,muscade,
28,poivre,
28,gruyère suisse,200 g
28,vacherin Fribourgeois,300 g
28,vin blanc,2.25 dl
28,ail,2 gousses
28,couteau,1 pointe
28,kirsch,0.3333333 cl
28,pain,
29,jambon,4 tranches
29,bière,4 cuillères à soupe
29,moutarde,4 cuillères à café
29,poivre,
29,pain de campagne,4 tranches
29,cheddar,600 g
30,poivre,
30,sel,
30,pomme de terre,2.5 kg
30,tomme,1 kg
30,ail,1 gousse
30,lard,75 g
31,beaufort,200 g
31,ail,2 gousses
31,pain,4 tranches
31,vin blanc,20 cl
31,poitrine fumée,4 tranches
32,crème fraîche,250 g
32,lardons,250 g
32,saint-nectaire,800 g
32,pomme de terre,1 kg
33,beurre,40 g
33,crème fraîche,30 cl
33,sucre,1 cuillère
33,poivre,
33,sel,
33,endives,4
33,citron,
34,oignon,
34,fromage à raclette,0.5
34,pomme de terre,2 kg
34,pain,
34,cornichons,
34,champignon,
35,huile d'olive,1
35,camembert,1
35,herbes de Provence,
36,lardons,200 g
36,reblochon,0.5
36,huile d'olive,1 cuillère à soupe
36,poivre,
36,sel,
36,endives,5
36,oignons rouges,3
37,poireaux,3
37,huile,
37,poivre,
37,sel,
37,persil,
37,champignon,500 g
37,crème végétale,
37,soja,
37,herbes de Provence,
38,muscade,
38,maïzena,3 cuillères à café rases
38,poivre,
38,moutarde,bonne cuillère à café
38,gruyère suisse,500 g
38,vacherin Fribourgeois,300 g
38,vin blanc sec,30 cl
38,ail,1 gousse
38,kirsch,1 dose
39,oignon,1
39,reblochon,1
39,pommes de terre,12
39,tofu,1 bloc
39,crème,moitié
39,eau,20 cl
39,vin blanc sec,10 cl
39,sauce soja,
40,p├ótes feuillet├®es,2
40,camembert,1
40,compote,125 g
40,noisettes,50 g
41,oignons,2
41,reblochon,1
41,beurre,1 noisette
41,huile,2 cuillères à soupe
41,poivre,
41,sel,
41,pomme de terre,1 kg
42,pâte à pizza,
42,lardons,200 g
42,oignon,1
42,crème fraîche,2 cuillères à soupe
42,reblochon,0.5
42,poivre,
42,sel,
42,persil,
42,pommes de terre,2
42,champignons de Paris,1 petite boîte
